3601012001,360101,SUMBERJAYA,-7.3880606,106.6880841,42283
3601012002,360101,KERTAJAYA,-6.396034,106.6026064,42283
3601012003,360101,KERTAMUKTI,-6.9985928,106.7567916,42283
3601012004,360101,TUNGGALJAYA,-6.7196577,105.5327831,42283
3601012005,360101,CIGORONDONG,-6.7382658,105.5181302,42283
3601012006,360101,TAMANJAYA,-7.2127937,106.50538,42283
3601012007,360101,UJUNGJAYA,-6.7297918,108.1013637,42283
3601022001,360102,RANCAPINANG,-6.8396802,105.5884754,42284
3601022002,360102,CIBADAK,-6.5612926,106.6895581,42284
3601022003,360102,TUGU,-6.497854,108.2229243,42284
3601022004,360102,BATUHIDEUNG,-6.8169951,105.6471178,42284
3601022005,360102,PADASUKA,-6.5948638,106.7603239,42284
3601022006,360102,CIBURIAL,-7.3590784,107.1011735,42284
3601022007,360102,CIJARALANG,-6.6815467,105.6705801,42284
3601022008,360102,CIMANGGU,-7.2423824,106.6880841,42284
3601022009,360102,MANGKUALAM,-6.7551788,105.6353878,42284
3601022010,360102,TANGKIL SARI,NULL,NULL,42284
3601022011,360102,WARINGIN KURUNG,NULL,NULL,42284
3601022012,360102,KRAMATJAYA,-7.0300388,108.2263016,42284
3601032001,360103,MENDUNG,-6.6930523,105.7145801,42285
3601032006,360103,SUDIMANIK,-6.7417447,105.7292491,42285
3601032007,360103,CURUG,-6.3921286,106.7205154,42285
3601032008,360103,CIBINGBIN,-7.098871,108.7482165,42285
3601032009,360103,SUKAJADI,4.2901695,98.1147418,42285
3601032011,360103,MAHENDRA,-6.6873052,105.7321831,42285
3601032012,360103,CIBALIUNG,-6.7252509,105.7585908,42285
3601032015,360103,CIHANJUANG,-6.9575439,107.8184036,42285
3601032016,360103,SORONGAN,-6.7513288,105.7527221,42285
3601042001,360104,TANJUNGAN,2.5828676,98.8528164,42286
3601042002,360104,SUMURBATU,-6.7896471,105.8466437,42286
3601042003,360104,SUKAWARIS,-6.8099748,105.8583873,42286
3601042004,360104,RANCASENENG,-6.755504,105.8613233,42286
3601042005,360104,PARUNGKOKOSAN,-6.7708804,105.7879371,42286
3601042006,360104,NANGGALA,-6.7279147,105.8349009,42286
3601042007,360104,CIKEUSIK,-6.9554887,108.6799144,42286
3601042008,360104,CIKADONGDONG,-7.5455719,108.1280437,42286
3601042009,360104,CURUGCIUNG,-6.6976257,105.8906859,42286
3601042010,360104,LEUWIBALANG,-6.6915117,105.8407722,42286
3601042011,360104,SUKASENENG,-6.7445685,105.8789403,42286
3601042012,360104,SUKAMULYA,-3.8962854,105.0265195,42286
3601042013,360104,UMBULAN,-7.7687701,112.9386472,42286
3601042014,360104,CIKIRUHWETAN,-7.0071351,105.5532993,42286
3601052001,360105,KARANGBOLONG,-7.7550196,109.4586326,42282
3601052002,360105,KATUMBIRI,-6.6501308,105.6823124,42282
3601052003,360105,WARINGINJAYA,-6.2593883,107.2489079,42282
3601052004,360105,KARYABUANA,-6.6187336,105.6940454,42282
3601052005,360105,TARUMANAGARA,-6.5674457,105.6823124,42282
3601052006,360105,CISEUREUHEUN,-6.6126215,105.7233814,42282
3601052007,360105,BANYUASIH,-7.4671455,107.9591094,42282
3601052009,360105,CIGEULIS,-6.5881066,105.6823124,42282
3601052010,360105,SINARJAYA,-7.4951399,107.532764,42282
3601062001,360106,PANIMBANGJAYA,-6.5044536,105.7967419,42281
3601062002,360106,MEKARJAYA,-6.6122542,106.7780189,42281
3601062004,360106,GOMBONG,-7.1884693,108.1339729,42281
3601062009,360106,MEKAR JAYA,3.4647557,98.4705284,42281
3601062011,360106,CITEUREUP,-6.4786714,106.8915948,42281
3601062012,360106,TANJUNGJAYA,-7.491261,107.627451,42281
3601072001,360107,ANGSANA,-6.6088273,105.8407722,42277
3601072002,360107,PADAHERANG,-6.8002714,108.3979331,42277
3601072003,360107,PADAMULYA,-7.2367148,107.2081981,42277
3601072004,360107,KARANGSARI,-5.383138,104.9126044,42277
3601072005,360107,CIKAYAS,-6.5816812,105.8818766,42277
3601072006,360107,SUMURLABAN,-6.0524384,107.269595,42277
3601072007,360107,KADUBADAK,-6.6551319,105.8466437,42277
3601072009,360107,CIPINANG,-6.2074293,106.8915948,42277
3601072010,360107,KRAMATMANIK,-6.5533962,105.8789403,42277
3601082001,360108,PASANGGRAHAN,-7.2298512,106.8827427,42276
3601082002,360108,SUKASABA,-6.5929624,105.9318012,42276
3601082005,360108,GUNUNGBATU,-7.2990989,106.4229199,42276
3601082006,360108,PANACARAN,-6.6627715,105.9288641,42276
3601082007,360108,CURUGLANGLANG,-6.631778,105.9288641,42276
3601082008,360108,MUNJUL,-6.3503773,106.8974964,42276
3601082009,360108,CIBITUNG,-7.384876,106.635025,42276
3601082011,360108,KOTADUKUH,-6.5912415,105.9053689,42276
3601082018,360108,LEBAK,-7.4890761,109.8008384,42276
3601092001,360109,SUKADAME,3.0559716,98.5418899,42265
3601092002,360109,PAGELARAN,-5.2461503,104.8104424,42265
3601092003,360109,SURAKARTA,-4.7330481,104.9797753,42265
3601092004,360109,MONTOR,-6.9281164,113.1858464,42265
3601092005,360109,KERTASANA,-5.9977833,106.0845931,42265
3601092006,360109,BAMA,-6.4100451,105.8495796,42265
3601092007,360109,MARGASANA,-7.532337,109.1374653,42265
3601092008,360109,SINDANGLAYA,-6.7250769,107.0450851,42265
3601092009,360109,TEGALPAPAK,-6.4404386,105.8246266,42265
3601092010,360109,BULAGOR,-6.4400072,105.8789403,42265
3601092011,360109,HARAPANKARYA,-6.4142663,105.8789403,42265
3601092012,360109,SENANGSARI,-6.3983261,105.8539834,42265
3601092013,360109,MARGAGIRI,-6.4182293,105.8349009,42265
3601102001,360110,MEKARSARI,-2.4281255,102.8169757,42274
3601102002,360110,CIJAKAN,-6.4827922,105.9905529,42274
3601102003,360110,GEREDUG,-6.4526492,105.9670501,42274
3601102004,360110,BOJONG,-5.2825027,105.5884754,42274
3601102005,360110,BANYUMAS,3.7106919,98.432131,42274
3601102006,360110,CITUMENGGUNG,-6.4618174,106.0023054,42274
3601102007,360110,MANGGUNGJAYA,-7.2273141,108.193271,42274
3601102008,360110,CAHAYAMEKAR,-6.4459981,106.0140586,42274
3601112001,360111,PASIRSEDANG,-6.4865943,105.9523622,42275
3601112002,360111,CILILITAN,-6.2632684,106.8635643,42275
3601112003,360111,KADUPANDAK,-7.2190482,107.0303221,42275
3601112004,360111,KOLELET,-6.5196147,105.9670501,42275
3601112005,360111,CIHERANG,-5.415792,104.773972,42275
3601112006,360111,BUNGURCOPONG,-6.4949822,105.9318012,42275
3601112007,360111,PASIRPANJANG,-7.2951482,106.528946,42275
3601112008,360111,KADUBERA,-6.4594857,105.9141793,42275
3601112009,360111,GANGGAENG,-6.4897338,105.9320069,42275
3601122001,360112,RANCATEUREUP,-6.380501,105.8481116,42264
3601122002,360112,LABUAN,-6.3667673,105.8349009,42264
3601122003,360112,BANYUBIRU,-7.5544906,110.3159875,42264
3601122004,360112,CARINGIN,-6.705886,106.822133,42264
3601122010,360112,TELUK,3.8079791,98.5116903,42264
3601122012,360112,CIGONDANG,-6.3813286,105.8216911,42264
3601122013,360112,KALANGANYAR,-7.4339723,112.8224678,42264
3601122014,360112,SUKAMAJU,1.8177944,99.2231387,42264
3601122015,360112,BANYUMEKAR,-6.3690639,105.843708,42264
3601132001,360113,ALASWANGI,-6.392571,105.9141793,42262
3601132002,360113,TEGALWANGI,-6.7071926,108.4899234,42262
3601132003,360113,KANANGA,-6.9964987,108.6799144,42262
3601132004,360113,CIGANDENG,-6.3677242,105.9273956,42262
3601132005,360113,MENES,-6.3843918,105.9288641,42262
3601132006,360113,MURUY,-6.3710341,105.9039005,42262
3601132010,360113,SUKAMANAH,-6.6879976,106.8930702,42262
3601132011,360113,PURWARAJA,-7.1503301,108.4365067,42262
3601132012,360113,SINDANGKARYA,-6.2027749,107.3405354,42262
3601132013,360113,CILABANBULAN,-6.3800249,105.9450188,42262
3601132015,360113,KADUPAYUNG,-6.3629515,105.9156477,42262
3601132016,360113,RAMAYA,-6.4038958,105.927053,42262
3601142001,360114,LANGENSARI,-6.8560096,106.9860384,42273
3601142002,360114,MEDALSARI,-6.517516,107.1779936,42273
3601142003,360114,MAJAU,-6.4453957,105.9523622,42273
3601142004,360114,SODONG,-7.0629598,109.7680967,42273
3601142005,360114,TALAGASARI,-7.4480692,107.0864266,42273
3601142006,360114,CIANDUR,-6.4006283,105.9846769,42273
3601142007,360114,KADUDAMPIT,-6.8677602,106.9107755,42273
3601142008,360114,WANAGIRI,-6.3798717,105.9905529,42273
3601142009,360114,PARIGI,1.7804805,99.6912245,42273
3601142010,360114,MEKARWANGI,-6.5224438,107.1100534,42273
3601142011,360114,SAKETI,-6.4041595,105.99496,42273
3601142012,360114,GIRIJAYA,-6.9246637,106.7293611,42273
3601142013,360114,SINDANGHAYU,-7.1230123,106.9653756,42273
3601142014,360114,SUKALANGU,-6.4436636,105.9259271,42273
3601152001,360115,PALANYAR,-6.3777954,106.0155278,42272
3601152002,360115,BATURANJANG,-6.3591231,105.9964291,42272
3601152003,360115,CIKADUEUN,-6.3947391,106.0081819,42272
3601152004,360115,KONCANG,-6.4048381,106.0140586,42272
3601152005,360115,KADUGADUNG,-6.3855073,106.0155278,42272
3601152006,360115,PARUMASAN,-7.5229136,108.0509743,42272
3601152007,360115,CURUGBARANG,-6.3684739,106.0258126,42272
3601152008,360115,KALANGGUNUNG,-6.3585665,106.0140586,42272
3601152009,360115,PASIREURIH,-6.3914578,105.9494248,42272
3601152010,360115,PASIRMAE,-6.4096072,106.0258126,42272
3601162001,360116,PAMARAYAN,-6.3556996,105.9009639,42263
3601162002,360116,JIPUT,-6.318846,105.8877494,42263
3601162003,360116,SUKACAI,-6.3477582,105.8671954,42263
3601162004,360116,TENJOLAHANG,-6.3570781,105.8569193,42263
3601162005,360116,JANAKA,-6.3323352,105.8671954,42263
3601162006,360116,SIKULAN,-6.313159,105.9053689,42263
3601162007,360116,CITAMAN,-7.0079514,107.879121,42263
3601162008,360116,JAYAMEKAR,-7.4334618,107.6993967,42263
3601162011,360116,SUKAMANAH,-6.6879976,106.8930702,42262
3601162012,360116,SALAPRAYA,-6.3561595,105.8862812,42263
3601162013,360116,BANYURESMI,-7.1479887,107.954665,42263
3601162014,360116,SAMPANG BITUNG,NULL,NULL,42263
3601162015,360116,BABADSARI,-7.7088408,109.7517266,42263
3601172001,360117,PANDAT,-6.3139863,105.9611748,42261
3601172002,360117,CIKONENG,-7.064575,107.4824751,42261
3601172003,360117,NEMBOL,-6.3231555,105.9964291,42261
3601172004,360117,KURUNGKAMBING,-6.2916085,106.0199355,42261
3601172005,360117,MANDALAWANGI,-7.3294054,107.062802,42261
3601172006,360117,SINARJAYA,-7.4951399,107.532764,42261
3601172007,360117,SIRNAGALIH,-5.1982689,104.4781532,42261
3601172008,360117,CIKUMBUEN,NULL,NULL,42261
3601172009,360117,RAMEA,-6.2504478,105.9406128,42261
3601172010,360117,GUNUNGSARI,-5.2489877,104.4781532,42261
3601172011,360117,PANJANGJAYA,-6.2829911,105.9670501,42261
3601172012,360117,GIRIPAWANA,-6.3383826,106.0023054,42261
3601172013,360117,MANDALASARI,-5.6541964,105.7175138,42261
3601172014,360117,CURUGLEMO,-6.2769429,105.9964291,42261
3601172015,360117,PARI,-6.3049519,105.9626436,42261
3601182001,360118,CIMANUK,-5.4466755,105.0119105,42271
3601182002,360118,BATUBANTAR,-6.3486919,106.0419754,42271
3601182003,360118,KADUBUNGBANG,-6.3262233,106.0214048,42271
3601182004,360118,KUPAHANDAP,-6.3323202,106.0316898,42271
3601182005,360118,DALEMBALAR,-6.3268136,106.0434449,42271
3601182006,360118,KADUMADANG,-6.3383243,106.0449143,42271
3601182007,360118,ROCEK,-6.352127,106.0552006,42271
3601182008,360118,KADUDODOL,-6.3622173,106.0610787,42271
3601182010,360118,GUNUNGDATAR,-6.3728685,106.0493226,42271
3601182013,360118,SEKONG,-6.3771432,106.0360979,42271
3601182015,360118,GUNUNGCUPU,-7.2872884,108.2407175,42271
3601192001,360119,CAMPAKA,-7.0101455,107.0775671,42253
3601192002,360119,BANYUMUNDU,NULL,NULL,42253
3601192003,360119,MANDALASARI,-5.6541964,105.7175138,42253
3601192004,360119,SUKASARI,3.452504,98.98527,42253
3601192005,360119,SANINTEN,-6.3057194,106.0610787,42253
3601192006,360119,PALURAHAN,-6.3361584,106.0728356,42253
3601192007,360119,SUKAMANAH,-6.6879976,106.8930702,42253
3601192008,360119,KADUGEMBLO,-6.3517549,106.0669571,42253
3601192009,360119,BANJARSARI,-5.4733665,104.502904,42253
3601192010,360119,CIPUTRI,-6.7714111,107.0450851,42253
3601202002,360120,CITALAHAB,-7.4813316,108.4187029,42252
3601202004,360120,KADULIMUS,-6.3680341,106.0801839,42252
3601202005,360120,BANDUNG,-7.6660688,109.7026189,42252
3601202006,360120,MOGANA,-6.364156,106.1213399,42252
3601202007,360120,BANJAR,3.0582801,99.7176937,42252
3601202008,360120,GUNUNGPUTRI,-6.3612845,106.0904721,42252
3601202010,360120,CIBODAS,-6.5134022,107.0007987,42252
3601202011,360120,KADUBALE,-6.3491192,106.1095802,42252
3601202012,360120,CIBEUREUM,-6.7232875,106.9506175,42252
3601202013,360120,KADUMANEUH,-6.371374,106.0963513,42252
3601202014,360120,PASIRAWI,-6.2384509,107.3405354,42252
3601211002,360121,KADOMAS,-6.3297213,106.11399,42218
3601211003,360121,BABAKAN KALANGANYAR,-6.3396184,106.12575,42219
3601211004,360121,KABAYAN,-6.3270611,106.1169299,42212
3601211009,360121,PANDEGLANG,-6.3270611,106.1169299,42213
3601222001,360122,KADUENGANG,-6.2696101,106.0669571,42251
3601222002,360122,PASIRPEUTEUY,-6.2639285,106.0845931,42251
3601222003,360122,KURUNGDAHU,-6.2635607,106.0963513,42251
3601222004,360122,KADUELA,-6.7917815,108.4187029,42251
3601222005,360122,KORANJI,-6.4594908,107.6629672,42251
3601222006,360122,TAPOS,-6.3970549,106.493598,42251
3601222007,360122,CADASARI,-6.2614959,106.1213399,42251
3601222008,360122,CIINJUK,-6.2675841,106.1316303,42251
3601222009,360122,KAUNGCAANG,-6.2620864,106.1433913,42251
3601222010,360122,CIKENTRUNG,-6.2617172,106.1551531,42251
3601222013,360122,TANAGARA,-6.2683218,106.1081103,42251
3601232001,360123,RAWASARI,5.2390289,96.2070717,42279
3601232002,360123,PASIREURIH,-6.3914578,105.9494248,42272
3601232003,360123,KADURONYOK,-6.3754729,105.9670501,42279
3601232004,360123,CIBARANI,-6.4284065,105.9200531,42279
3601232005,360123,CISEREH,-6.4377415,105.909774,42279
3601232006,360123,KUBANGKONDANG,-6.4342997,105.896559,42279
3601232007,360123,KONDANGJAYA,-6.3302877,107.3405354,42279
3601232008,360123,CIHERANGJAYA,-6.3720336,105.953831,42279
3601232009,360123,PALEMBANG,-6.3614733,105.9626436,42279
3601242006,360124,TURUS,-7.6390063,109.9467087,42267
3601242008,360124,PATIA,-6.4835104,105.8877494,42267
3601242009,360124,PASIRGADUNG,-6.4884756,105.8936224,42267
3601242010,360124,CIMOYAN,-6.470349,105.896559,42267
3601242011,360124,IDAMAN,-0.1654002,103.1788191,42267
3601242014,360124,BABAKANKEUSIK,-6.4812152,105.8789403,42267
3601242015,360124,SURIANEUN,-6.4716582,105.8554513,42267
3601242017,360124,RAHAYU,-6.9586901,107.5534739,42267
3601242018,360124,CIAWI,-6.6559944,106.851763,42267
3601242020,360124,SIMPANGTIGA,-6.5047158,105.8913968,42267
3601251001,360125,KADUMERAK,-6.2936046,106.1198699,42232
3601251002,360125,CIGADUNG,-6.9859964,108.4646978,42231
3601251003,360125,PAGADUNGAN,-6.2040867,107.4528979,42233
3601251014,360125,JUHUT,-6.2842662,106.0904721,42234
3601262001,360126,KARYASARI,-6.639448,106.6232359,42266
3601262002,360126,TEGAL,-6.4823967,106.7057733,42266
3601262003,360126,CIPICUNG,-6.6664909,106.8089885,42266
3601262004,360126,DAHU,-6.3818749,105.8862812,42266
3601262005,360126,BABAKANLOR,-6.3887211,105.8730678,42266
3601262006,360126,KARYAUTAMA,-6.402455,105.8862812,42266
3601262007,360126,MEKARJAYA,-6.6122542,106.7780189,42266
3601262008,360126,PADAHAYU,-6.3736562,105.8613233,42266
3601262009,360126,CENING,-7.1633011,110.2057805,42266
3601262010,360126,BANGKUYUNG,-6.3631852,105.8671954,42266
3601272001,360127,SINDANGKERTA,-7.1811748,107.1395903,42287
3601272002,360127,MANGLID,-6.7816552,105.6969788,42287
3601272003,360127,CIKIRUH,-6.8027421,105.7644596,42287
3601272004,360127,CIKADU,-6.9707148,106.5996595,42287
3601272005,360127,KIARAPAYUNG,-7.2108874,108.4661816,42287
3601272006,360127,KUTAKARANG,-6.8138873,105.7409852,42287
3601272007,360127,CITELUK,-6.8083456,105.6735131,42287
3601272008,360127,KIARAJANGKUNG,-7.2026914,108.1013637,42287
3601272009,360127,CIKALONG,-7.1197633,107.557912,42287
3601272010,360127,MALANGNENGAH,-6.6043172,107.4055814,42287
3601282001,360128,BANJARMASIN,-5.7646894,105.6793792,42269
3601282002,360128,CARITA,-6.2579364,105.8642593,42269
3601282003,360128,SUKARAME,5.1094065,96.8377799,42269
3601282004,360128,SUKANEGARA,-3.8077263,103.5140506,42269
3601282005,360128,CINOYONG,-6.2518983,105.8936224,42269
3601282006,360128,PEJAMBEN,-6.3435322,105.8378366,42269
3601282007,360128,SUKAJADI,4.2901695,98.1147418,42269
3601282008,360128,KAWOYANG,-6.2526218,105.8701316,42269
3601282009,360128,TEMBONG,-7.0020419,108.5121827,42269
3601282010,360128,SINDANGLAUT,-6.8364441,108.6160782,42269
3601292001,360129,SEUSEUPAN,-6.8618246,106.8606139,42268
3601292002,360129,KARYASARI,-6.639448,106.6232359,42266
3601292003,360129,PERDANA,-6.52759,105.8393044,42268
3601292004,360129,SUKARESMI,-6.6271635,106.7559004,42268
3601292005,360129,PASIRKADU,-6.5205321,105.8583873,42268
3601292006,360129,KUBANGKAMPIL,-6.4825249,105.8378366,42268
3601292007,360129,SIDAMUKTI,-6.858925,108.2080973,42268
3601292008,360129,CIBUNGUR,-7.5139594,108.1399022,42268
3601292009,360129,WERU,-7.7789251,110.7569465,42268
3601292010,360129,CIKUYA,-6.9842824,107.8258075,42268
3601302001,360130,KADUBELANG,-6.382401,106.0728356,42254
3601302002,360130,PAREANG,-6.3882897,106.0493226,42254
3601302003,360130,WARASINGA,NULL,NULL,42254
3601302004,360130,RANCABUGEL,-6.4092325,106.0375673,42254
3601302005,360130,KADUJANGKUNG,-6.4178271,106.0904721,42254
3601302006,360130,MEDONG,-6.4024012,106.0904721,42254
3601302007,360130,SUKAMULYA,-3.8962854,105.0265195,42254
3601302008,360130,MEKARJAYA,-6.6122542,106.7780189,42254
3601312001,360131,CIODENG,-6.5717496,105.9494248,42278
3601312002,360131,PASIRTENJO,-6.5587587,105.9523622,42278
3601312003,360131,BOJONGMANIK,-6.5631452,105.896559,42278
3601312004,360131,CEMPAKAWARNA,NULL,NULL,42278
3601312005,360131,PASIRLOA,-6.5428902,105.884813,42278
3601312006,360131,PASIRLANCAR,-6.5293357,105.9053689,42278
3601312007,360131,SIDANGRESMI,NULL,NULL,42278
3601312008,360131,PASIRDURUNG,-6.5207513,105.9318012,42278
3601312009,360131,KADUMALATI,-6.5083372,105.9171161,42278
3601322001,360132,KORANJI,-6.4594908,107.6629672,42251
3601322002,360132,BANJARWANGI,-7.3926075,107.8820831,42257
3601322003,360132,SUKASARI,3.452504,98.98527,42253
3601322004,360132,KARYAWANGI,-7.4536579,108.2792729,42257
3601322005,360132,SUKARAJA,4.0460467,96.4956455,42257
3601322006,360132,KADUHEJO,-6.3501387,105.9552997,42257
3601322007,360132,BANJARNEGARA,-6.3565177,105.9567685,42257
3601322008,360132,SANGHIANGDENGDEK,-6.343668,105.9567685,42257
3601322009,360132,CILENTUNG,-6.3347209,105.9552997,42257
3601332001,360133,SUKAJAYA,5.5146777,95.848572,42256
3601332002,360133,AWILEGA,-6.7298316,107.9091622,42256
3601332003,360133,GERENDONG,-6.2703678,106.1654452,42256
3601332004,360133,KORONCONG,-6.2781535,106.1625046,42256
3601332005,360133,PAKULURAN,-6.2761443,106.1448615,42256
3601332006,360133,SETRAJAYA,-6.2829728,106.1316303,42256
3601332007,360133,KARANGSETRA,-6.2813664,106.1419212,42256
3601332008,360133,PANIIS,-6.8108583,108.4543113,42256
3601332009,360133,BANGKONOL,-6.3188951,106.1316303,42256
3601332010,360133,PASIRJAKSA,-6.3223262,106.1448615,42256
3601332011,360133,PASIRKARAG,-6.3092153,106.1536828,42256
3601332012,360133,TEGALONGOK,-6.3082578,106.1433913,42256
3601341001,360134,SUKARATU,-5.7395399,105.6221924,42227
3601341002,360134,KARATON,-6.3211545,106.1007608,42221
3601341003,360134,SARUNI,-6.3203813,106.0845931,42226
3601341004,360134,PAGERBATU,-6.2950837,106.0728356,42224
3601341005,360134,CILAJA,-6.9508549,108.5092147,42225
3601352001,360135,CIMANIS,-6.5762735,105.7292491,42289
3601352002,360135,TELUKLADA,-6.5323516,105.8114175,42289
3601352003,360135,KERTARAHARJA,-6.9853507,106.8384873,42289
3601352004,360135,BOJEN,-6.5537426,105.7879371,42289
3601352005,360135,KUTAMEKAR,-6.3764628,107.3346229,42289
3601352006,360135,SOBANG,-6.6111074,105.7703287,42289
3601352007,360135,PANGKALAN,4.2399133,98.060158,42289
3601352008,360135,BOJENWETAN,-6.5634333,105.7957,42289
3602012002,360201,CILANGKAHAN,-6.8069344,106.0258126,42391
3602012003,360201,PAGELARAN,-5.2461503,104.8104424,42391
3602012004,360201,SUKARAJA,4.0460467,96.4956455,42391
3602012005,360201,MALINGPING UTARA,-6.7619015,106.0184663,42391
3602012006,360201,BOLANG,-6.0665315,107.3050627,42391
3602012009,360201,CIPEUNDEUY,-7.3984351,106.5525145,42391
3602012013,360201,RAHONG,-6.8493462,107.1691308,42391
3602012014,360201,KADUJAJAR,-6.7523072,106.0346285,42391
3602012016,360201,KERSARATU,-7.6059595,108.587875,42391
3602012018,360201,MALINGPING SELATAN,-6.7852838,106.0155278,42391
3602012019,360201,SUMBERWARAS,NULL,NULL,42391
3602012023,360201,SUKAMANAH,-6.6879976,106.8930702,42391
3602012024,360201,SENANGHATI,-6.7108047,105.9611748,42391
3602012026,360201,SANGIANG,-7.0008813,107.7961932,42391
3602022002,360202,PANGGARANGAN,-6.8336582,106.22868,42392
3602022003,360202,JATAKE,-6.7799247,106.287521,42392
3602022004,360202,SOGONG,-6.8179354,106.2345633,42392
3602022005,360202,CIMANDIRI,-6.8506005,106.1875016,42392
3602022009,360202,GUNUNGGEDE,-7.3970431,108.2110626,42392
3602022010,360202,SITUREGEN,-6.8949224,106.1786787,42392
3602022011,360202,MEKARJAYA,-6.6122542,106.7780189,42392
3602022014,360202,SINDANGRATU,-7.1836708,107.99763,42392
3602022017,360202,HEGARMANAH,-7.177958,106.8827427,42392
3602022018,360202,SUKAJADI,4.2901695,98.1147418,42392
3602022019,360202,CIBARENGKOK,-6.8772285,107.2518631,42392
3602032001,360203,BAYAH BARAT,-6.9237612,106.2433886,42393
3602032002,360203,SAWARNA,-6.9708301,106.3051766,42393
3602032006,360203,CIDIKIT,-6.8871227,106.3287199,42393
3602032007,360203,SUWAKAN,-6.8887625,106.2816361,42393
3602032008,360203,CIMANCAK,-6.8895806,106.2580983,42393
3602032011,360203,DARMASARI,-6.9414698,106.2569895,42393
3602032013,360203,BAYAH TIMUR,-6.9110279,106.2742802,42393
3602032014,360203,CISUREN,-6.8401021,106.2669247,42393
3602032016,360203,PASIRGOMBONG,-6.2805295,107.1514061,42393
3602032017,360203,SAWARNA TIMUR,-6.9699999,106.3287199,42393
3602032018,360203,PAMUBULAN,-6.921447,106.306602,42393
3602042002,360204,CIPANAS,-6.7131574,107.0185123,42372
3602042003,360204,GIRILAYA,-7.0812143,108.3652973,42372
3602042004,360204,MALANGSARI,-6.5069511,108.2525802,42372
3602042005,360204,BINTANGRESMI,-6.5372237,106.3728707,42372
3602042006,360204,TALAGAHIYANG,NULL,NULL,42372
3602042007,360204,LUHURJAYA,-6.5413903,106.40231,42372
3602042008,360204,HAURGAJRUG,-6.5168369,106.3669834,42372
3602042009,360204,GIRIHARJA,-7.1375934,108.495859,42372
3602042010,360204,SUKASARI,3.452504,98.98527,42372
3602042013,360204,JAYAPURA,-4.4063529,104.3151926,42372
3602042014,360204,SIPAYUNG,-6.5713867,106.50538,42372
3602042015,360204,BINTANGSARI,-6.5473212,106.3787583,42372
3602042016,360204,PASIRHAUR,-6.5975194,106.3404925,42372
3602042020,360204,HARUMSARI,-6.5483004,106.3493224,42372
3602052003,360205,PASIREURIH,-6.3914578,105.9494248,42364
3602052004,360205,CIMINYAK,-6.5498632,106.3022339,42364
3602052005,360205,MUNCANG,-7.4621786,108.07765,42364
3602052006,360205,LEUWICOO,-6.5605527,106.2904635,42364
3602052007,360205,SINDANGWANGI,-6.8056229,108.3919991,42364
3602052008,360205,CIKARANG,-7.231264,106.6379724,42364
3602052012,360205,SUKANAGARA,-7.0929035,107.0775671,42364
3602052013,360205,PASIRNANGKA,-6.5792655,106.2698669,42364
3602052018,360205,JAGARAKSA,-6.6059379,106.3198908,42364
3602052019,360205,TANJUNGWANGI,-7.0863647,107.7192104,42364
3602052020,360205,MEKARWANGI,-6.5224438,107.1100534,42364
3602052021,360205,GIRIJAGABAYA,NULL,NULL,42364
3602062001,360206,KANEKES,-6.6575848,106.2404468,42362
3602062002,360206,CISIMEUT,-6.5491378,106.2463305,42362
3602062003,360206,CIBUNGUR,-7.5139594,108.1399022,42362
3602062004,360206,LEUWIDAMAR,-6.5445698,106.22868,42362
3602062005,360206,LEBAKPARAHIANG,NULL,NULL,42362
3602062006,360206,SANGKANWANGI,-6.5503021,106.2110311,42362
3602062007,360206,NAYAGATI,-6.5829161,106.237505,42362
3602062008,360206,BOJONGMENTENG,NULL,NULL,42362
3602062009,360206,MARGAWANGI,-6.5628898,106.2198553,42362
3602062010,360206,WANTISARI,-6.4896709,106.1757379,42362
3602062011,360206,JALUPANGMULYA,NULL,NULL,42362
3602062012,360206,CISIMEUT RAYA,-6.573,106.2257384,42362
3602072004,360207,BOJONGMANIK,-6.5631452,105.896559,42363
3602072007,360207,HARJAWANA,-6.5518504,106.1639749,42363
3602072008,360207,KADURAHAYU,-6.5633157,106.1286901,42363
3602072009,360207,CIMAYANG,-6.6109597,106.6659746,42363
3602072010,360207,PARAKANBEUSI,-6.6022253,106.199266,42363
3602072012,360207,KEBONCAU,-6.6327752,106.2110311,42363
3602072014,360207,MEKARMANIK,-6.857962,107.6984879,42363
3602072016,360207,MEKAR RAHAYU,-6.9741519,107.5534739,42363
3602072017,360207,PASIRBITUNG,NULL,NULL,42363
3602082001,360208,GUNUNGKENCANA,NULL,NULL,42354
3602082002,360208,CIMANYANGRAY,-6.6581128,106.0698963,42354
3602082003,360208,GUNUNGKENDENG,-6.669221,106.0463837,42354
3602082004,360208,CISAMPANG,-6.5874097,106.022874,42354
3602082005,360208,CIGINGGANG,-6.5457733,106.0346285,42354
3602082006,360208,CIAKAR,-7.1991195,108.3460141,42354
3602082007,360208,CICARINGIN,-6.6072747,106.0463837,42354
3602082008,360208,BULAKAN,-7.6748448,110.7867474,42354
3602082009,360208,SUKANEGARA,-3.8077263,103.5140506,42354
3602082010,360208,BOJONGKONENG,-6.822128,107.488391,42354
3602082011,360208,KRAMATJAYA,-7.0300388,108.2263016,42354
3602082012,360208,TANJUNGSARI INDAH,-6.680332,106.022874,42354
3602092001,360209,KERTA,-6.6918358,105.9876149,42355
3602092002,360209,BOJONGJURUH,-6.6401775,105.9876149,42355
3602092003,360209,LEUWIIPUH,-6.6088181,105.9993672,42355
3602092004,360209,LEBAKKEUSIK,-6.6103568,105.9523622,42355
3602092005,360209,CILEGONGILIR,NULL,NULL,42355
3602092006,360209,KEUSIK,-6.5440558,106.0081819,42355
3602092007,360209,CIBATURKEUSIK,-6.549784,105.9905529,42355
3602092009,360209,KUMPAY,-6.6718349,107.7340132,42355
3602092010,360209,JALUPANGGIRANG,NULL,NULL,42355
3602092011,360209,BENDUNGAN,-6.6658733,106.8635643,42355
3602092012,360209,KERTARAHARJA,-6.9853507,106.8384873,42355
3602092013,360209,CISAMPIH,-6.8915614,108.1606557,42355
3602092014,360209,GUNUNGSARI,-5.2489877,104.4781532,42355
3602092015,360209,TAMANSARI,-5.4689641,104.8337879,42355
3602092016,360209,CIDAHU,-7.3862215,106.5996595,42355
3602092017,360209,CIRUJI,-6.5291633,105.9905529,42355
3602092018,360209,KADUHAUK,-6.5135126,105.9964291,42355
3602092019,360209,LABANJAYA,-6.0992032,107.3937536,42355
3602092020,360209,UMBULJAYA,-6.6409504,105.9641124,42355
3602092021,360209,KERTARAHAYU,-7.5281803,108.2318208,42355
3602102001,360210,PASINDANGAN,-6.6905549,108.5567057,42353
3602102002,360210,PARUNGKUJANG,-6.5327834,106.1169299,42353
3602102003,360210,CILELES,-6.9140603,107.7784261,42353
3602102004,360210,CIKAREO,-6.5030262,106.0816536,42353
3602102005,360210,CIPADANG,-5.4273413,105.0732771,42353
3602102006,360210,GUMURUH,-6.9381205,107.6370695,42353
3602102007,360210,PRABUGANTUNGAN,-6.4317221,106.0581397,42353
3602102008,360210,DAROYON,-6.45079,106.1051705,42353
3602102009,360210,MARGAMULYA,-5.6227807,104.9914601,42353
3602102010,360210,MEKARJAYA,-6.6122542,106.7780189,42353
3602102011,360210,KUJANGSARI,-6.9616869,107.6437287,42353
3602102012,360210,BANJARSARI,-5.4733665,104.502904,42352
3602112001,360211,SARAGENI,-6.462989,106.12575,42361
3602112002,360211,GUNUNGANTEN,NULL,NULL,42361
3602112003,360211,SUDAMANIK,-6.4704163,106.2139724,42361
3602112004,360211,TAMBAK,-0.1344759,102.6072696,42361
3602112005,360211,CIMARGA,-6.9203347,108.0154104,42361
3602112006,360211,KARYAJAYA,-7.2764846,107.8420967,42361
3602112007,360211,MARGAJAYA,-7.3766271,108.1117389,42361
3602112008,360211,JAYAMANIK,-6.4877513,106.2345633,42361
3602112009,360211,MARGALUYU,-7.1955592,106.8974964,42361
3602112010,360211,MARGATIRTA,-6.4464144,106.1610343,42361
3602112011,360211,INTENJAYA,NULL,NULL,42361
3602112012,360211,MEKARJAYA,-6.6122542,106.7780189,42361
3602112013,360211,JAYASARI,-7.541344,108.3474974,42361
3602112014,360211,GIRIMUKTI,-7.1463204,106.4759262,42361
3602112015,360211,SANGKANMANIK,NULL,NULL,42361
3602112016,360211,SANGIANGJAYA,NULL,NULL,42361
3602112017,360211,MEKARMULYA,-7.2219571,107.1573142,42361
3602122001,360212,MARAYA,-6.577307,106.3287199,42371
3602122002,360212,SAJIRA,-6.4690448,106.3346061,42371
3602122003,360212,SUKARAME,5.1094065,96.8377799,42371
3602122004,360212,CALUNGBUNGUR,-6.4719053,106.3257768,42371
3602122005,360212,PARUNGSARI,-6.302672,107.2518631,42371
3602122006,360212,SINDANGSARI,-7.3337215,107.0185123,42371
3602122007,360212,MEKARSARI,-2.4281255,102.8169757,42371
3602122008,360212,SUKAMARGA,-4.8368914,104.0101369,42371
3602122009,360212,PAJAGAN,-6.8510505,108.0806141,42371
3602122010,360212,SUKAJAYA,5.5146777,95.848572,42371
3602122011,360212,SAJIRA MEKAR,NULL,NULL,42371
3602122012,360212,PAJA,-6.4530441,106.3522658,42371
3602122013,360212,MARGALUYU,-7.1955592,106.8974964,42371
3602122014,360212,BUNGURMEKAR,NULL,NULL,42371
3602122015,360212,CIUYAH,-6.919867,108.6739757,42371
3602132005,360213,TANJUNGSARI,-5.289519,105.2107049,42381
3602132006,360213,MAJA,-5.4711418,104.5932063,42381
3602132007,360213,SANGIANG,-7.0008813,107.7961932,42381
3602132008,360213,BINONG,-6.4,107.783333,42381
3602132009,360213,GUBUGAN CIBEUREUM,NULL,NULL,42381
3602132011,360213,MEKARSARI,-2.4281255,102.8169757,42381
3602132012,360213,PADASUKA,-6.5948638,106.7603239,42381
3602132015,360213,CURUGBADAK,NULL,NULL,42381
3602132016,360213,SINDANGMULYA,-6.1925857,107.3405354,42381
3602132018,360213,CILANGKAP,-6.334631,106.9093,42381
3602132020,360213,PASIRKEMBANG,NULL,NULL,42381
3602132021,360213,PASIRKECAPI,NULL,NULL,42381
3602132022,360213,BUYUT MEKAR,-6.3889275,106.3493224,42381
3602132023,360213,MAJA BARU,-6.355467,106.3920058,42381
3602141002,360214,RANGKASBITUNG BARAT,-6.3651538,106.2507433,42312
3602141006,360214,CIJORO LEBAK,-6.3472798,106.2478014,42317
3602141007,360214,MUARA CIUJUNG BARAT,-6.3525074,106.2448595,42311
3602141008,360214,CIJORO PASIR,-6.3402517,106.2669247,42316
3602141012,360214,MUARA CIUJUNG TIMUR,-6.3560275,106.2551563,42314
3602142001,360214,PASIRTANJUNG,-6.326838,107.441068,42319
3602142009,360214,CITERAS,-7.0568778,108.0746859,42319
3602142010,360214,NAMENG,-6.3290468,106.2963486,42319
3602142011,360214,KOLELET WETAN,-6.3092797,106.2728091,42319
3602142013,360214,JATIMULYA,-7.625206,107.7192104,42315
3602142014,360214,MEKARSARI,-2.4281255,102.8169757,42319
3602142016,360214,PABUARAN,-6.545413,106.9653756,42319
3602142017,360214,RANGKASBITUNG TIMUR,-6.3735245,106.2698669,42313
3602142019,360214,SUKAMANAH,-6.6879976,106.8930702,42319
3602142021,360214,CIMANGEUNTEUNG,NULL,NULL,42319
3602142023,360214,NARIMBANG MULIA,-6.3552718,106.2786937,42319
3602152001,360215,SUKARENDAH,-6.3535275,106.1727971,42352
3602152002,360215,WARUNGGUNUNG,-6.3305165,106.1698563,42352
3602152003,360215,CIBUAH,-6.3384977,106.1610343,42352
3602152004,360215,PASIR TANGKIL,NULL,NULL,42352
3602152005,360215,BAROS,-5.4966109,104.6187047,42352
3602152006,360215,BANJARSARI,-5.4733665,104.502904,42352
3602152007,360215,PADASUKA,-6.5948638,106.7603239,42352
3602152008,360215,SUKARAJA,4.0460467,96.4956455,42352
3602152009,360215,JAGABAYA,-3.7538472,103.2764487,42352
3602152010,360215,SELARAJA,-6.342883,106.1845606,42352
3602152011,360215,CEMPAKA,-2.0420025,101.4005614,42352
3602152012,360215,SINDANGSARI,-7.3337215,107.0185123,42352
3602162004,360216,MEKARJAYA,-6.6122542,106.7780189,42392
3602162006,360216,CIPALABUH,-6.6891005,106.0698963,42395
3602162007,360216,CIJAKU,-6.7159177,106.040506,42395
3602162008,360216,CIBEUREUM,-6.7232875,106.9506175,42395
3602162012,360216,CIAPUS,-6.596504,106.7500025,42395
3602162013,360216,KANDANGSAPI,-7.6418714,112.9110933,42395
3602162014,360216,CIHUJAN,-6.7331249,106.0669571,42395
3602162015,360216,CIMENGA,-7.0795255,108.4068343,42395
3602162016,360216,KAPUNDUHAN,-6.7092421,106.0081819,42395
3602162017,360216,SUKASENANG,-7.2502721,107.8509821,42395
3602162018,360216,CIKARATUAN,-6.7483472,106.1522126,NULL
3602172001,360217,ANGGALAN,-6.427358,106.11399,42356
3602172002,360217,MUNCANGKOPONG,-6.4056583,106.1492721,42356
3602172003,360217,SUKAHARJA,-6.6019425,106.7656825,42356
3602172004,360217,TAMANJAYA,-7.2127937,106.50538,42356
3602172005,360217,CIGOONG UTARA,-6.3871991,106.1639749,42356
3602172006,360217,MUARADUA,-6.8660307,106.8871687,42356
3602172007,360217,CIKULUR,-6.3929032,106.1463317,42356
3602172008,360217,CURUGPANJANG,-6.3801504,106.1433913,42356
3602172009,360217,CIGOONG SELATAN,-6.389108,106.1845606,42356
3602172010,360217,SUMURBANDUNG,-6.7965752,107.4144526,42356
3602172011,360217,PARAGE,-6.3544646,106.1433913,42356
3602172012,360217,SUKADAYA,-6.1421116,107.0952864,42356
3602172013,360217,PASIRGINTUNG,NULL,NULL,42356
3602182001,360218,TAMBAKBAYA,-7.2949141,107.8021158,42357
3602182002,360218,KADUAGUNG TIMUR,-6.3476565,106.2360342,42357
3602182003,360218,PANANCANGAN,-6.3153471,106.2433886,42357
3602182004,360218,CIBADAK,-6.5612926,106.6895581,42357
3602182005,360218,ASEM,-6.8454577,108.6145938,42357
3602182006,360218,CISANGU,-6.3063227,106.2448595,42357
3602182007,360218,KADUAGUNG BARAT,-6.3381419,106.2125017,42357
3602182008,360218,BOJONGCAE,-6.3214321,106.2536853,42357
3602182009,360218,MALABAR,-6.9258108,107.6222719,42357
3602182010,360218,PASAR KEONG,-6.3309283,106.237505,42357
3602182011,360218,BOJONG LELES,NULL,NULL,42357
3602182012,360218,CIMENTENG JAYA,-6.314486,106.2301508,42357
3602182013,360218,MEKAR AGUNG,-6.3482209,106.2183846,42357
3602182014,360218,ASEM MARGALUYU,-6.3162833,106.2139724,42357
3602182015,360218,KADUAGUNG TENGAH,-6.3427114,106.2301508,42357
3602192001,360219,CIBEBER,-7.685893,108.1843756,42394
3602192002,360219,CITOREK TENGAH,-6.6983676,106.3316629,42394
3602192003,360219,CISUNGSANG,-6.7986171,106.4199755,42394
3602192004,360219,KUJANGJAYA,-6.8118425,106.4111425,42394
3602192005,360219,KUJANGSARI,-6.9616869,107.6437287,42394
3602192006,360219,NEGLASARI,-5.4884332,105.4595306,42394
3602192007,360219,MEKARSARI,-2.4281255,102.8169757,42394
3602192008,360219,CIKOTOK,-6.8546074,106.2963486,42394
3602192009,360219,SUKAMULYA,-3.8962854,105.0265195,42394
3602192010,360219,CITOREK TIMUR,-6.6918076,106.3728707,42394
3602192011,360219,WARUNGBANTEN,-6.8330992,106.3198908,42394
3602192013,360219,HEGARMANAH,-7.177958,106.8827427,42392
3602192014,360219,SITUMULYA,-6.7692898,106.4464766,42394
3602192015,360219,CITOREK KIDUL,-6.7421662,106.3319841,42394
3602192016,360219,CIKADU,-6.9707148,106.5996595,42394
3602192017,360219,SIRNAGALIH,-5.1982689,104.4781532,NULL
3602192018,360219,CIHAMBALI,-6.7940161,106.3287199,42394
3602192019,360219,CITOREK BARAT,-6.7179332,106.287521,42394
3602192020,360219,GUNUNGWANGUN,NULL,NULL,42394
3602192021,360219,WANASARI,-7.2933838,106.5760857,42394
3602192022,360219,CITOREK SABRANG,-6.7002479,106.3522658,42394
3602192023,360219,CIHERANG,-5.415792,104.773972,42394
3602202001,360220,CILOGRANG,-6.9215078,106.3817021,42399
3602202002,360220,CIBARENO,-6.9548618,106.3905338,42399
3602202003,360220,CIKAMUNDING,-6.8981077,106.3846459,42399
3602202004,360220,CIJENGKOL,-6.886934,106.8443875,42399
3602202005,360220,PASIRBUNGUR,-6.4075848,107.6866471,42399
3602202006,360220,LEBAKTIPAR,-6.948856,106.3404925,42399
3602202007,360220,CIKATOMAS,-6.9074199,106.3404925,42399
3602202008,360220,GIRIMUKTI,-7.1463204,106.4759262,42399
3602202009,360220,CIREUNDEU,-6.9787005,106.3758145,42399
3602202010,360220,GUNUNGBATU,-7.2990989,106.4229199,42399
3602212001,360221,WANASALAM,-6.6491964,108.2703751,42396
3602212002,360221,BEJOD,-6.766195,105.9288641,42396
3602212003,360221,CILANGKAP,-6.334631,106.9093,42396
3602212004,360221,CIPEUCANG,-6.4223934,107.0391798,42396
3602212005,360221,MUARA,-6.6385278,108.5492848,42396
3602212006,360221,PARUNGPANJANG,-6.7462781,105.9053689,42396
3602212007,360221,CIKEUSIK,-6.9554887,108.6799144,42396
3602212008,360221,KATAPANG,-6.9921463,107.5558576,NULL
3602212009,360221,CISARAP,-6.766979,105.9053689,42396
3602212010,360221,SUKATANI,-6.6101141,106.8399623,42396
3602212011,360221,CIPEDANG,-6.4090193,108.0035567,42396
3602212012,360221,PARUNGSARI,-6.302672,107.2518631,42396
3602212013,360221,KARANGPAMINDANGAN,NULL,NULL,42396
3602222001,360222,CIPARASI,-6.6513426,106.3493224,42365
3602222002,360222,SOBANG,-6.6111074,105.7703287,42365
3602222003,360222,SUKAJAYA,5.5146777,95.848572,42365
3602222004,360222,SINDANGLAYA,-6.7250769,107.0450851,42365
3602222005,360222,SUKAMAJU,1.8177944,99.2231387,42365
3602222006,360222,HARIANG,-6.70377,107.9087438,42365
3602222007,360222,MAJASARI,-3.4456422,104.2468615,42365
3602222008,360222,SINAR JAYA,-3.1741974,103.7265634,42365
3602222009,360222,CIROMPANG,-6.6727682,106.3257768,42365
3602222010,360222,SUKARESMI,-6.6271635,106.7559004,42365
3602232001,360223,GURADOG,-6.4930095,106.3875898,42382
3602232002,360223,CURUGBITUNG,-6.4256189,106.4052541,42382
3602232003,360223,CANDI,-1.445482,101.9176916,42382
3602232004,360223,MAYAK,-6.9181226,107.1218678,42382
3602232005,360223,CIPINING,-6.392914,106.3846459,42382
3602232006,360223,CILAYANG,-6.4096351,106.4229199,42382
3602232007,360223,CIBURUY,-6.7334385,106.8089885,42382
3602232008,360223,SEKARWANGI,-6.9097242,106.7853922,42382
3602232009,360223,CIDADAP,-7.2948875,106.947666,42382
3602232010,360223,LEBAKASIH,-6.4593036,106.3964218,42382
3602242001,360224,KALANGANYAR,-7.4339723,112.8224678,42333
3602242002,360224,PASIRKUPA,NULL,NULL,42337
3602242003,360224,CILANGKAP,-6.334631,106.9093,42336
3602242004,360224,AWEH,-6.3668625,106.237505,42332
3602242005,360224,SANGIANGTANJUNG,NULL,NULL,42334
3602242006,360224,SUKAMEKARSARI,-6.3769442,106.2433886,42335
3602242007,360224,CIKATAPIS,-6.3578298,106.2389759,42331
3602252001,360225,BANJARIRIGASI,NULL,NULL,42373
3602252002,360225,CILADAEUN,-6.615755,106.4111425,42373
3602252003,360225,LEBAKGEDONG,-6.6165483,106.3875898,42373
3602252004,360225,BANJARSARI,-5.4733665,104.502904,42373
3602252005,360225,LEBAKSITU,-6.6668967,106.4229199,42373
3602252006,360225,LEBAKSANGKA,-6.5856403,106.3875898,42373
3602262001,360226,PANYAUNGAN,-6.90111,106.1519299,42398
3602262002,360226,CIHARA,-6.8269341,106.1228099,42398
3602262003,360226,CIPARAHU,-6.8331133,106.0934117,42398
3602262004,360226,PONDOKPANJANG,-6.8235593,106.0698963,42398
3602262005,360226,CITEUPUSEUN,NULL,NULL,42398
3602262006,360226,LEBAKPEUNDEUY,NULL,NULL,42398
3602262007,360226,MEKARSARI,-2.4281255,102.8169757,42394
3602262008,360226,KARANGKAMULYAN,-7.3525657,108.4691492,42398
3602262009,360226,BARUNAI,-6.8319097,106.1286901,42398
3602272001,360227,DATARCAE,-6.6450536,106.1522126,42366
3602272002,360227,CIRINTEN,-6.6545903,106.1757379,42366
3602272003,360227,KARANGNUNGGAL,-6.9383944,107.2016295,42366
3602272004,360227,KADUDAMAS,-6.6276778,106.1316303,42366
3602272005,360227,BADUR,-6.8871759,113.9714894,42366
3602272006,360227,PARAKANLIMA,-6.9961284,106.8266873,42366
3602272007,360227,NANGGERANG,-6.4670807,106.7794935,42366
3602272008,360227,CEMPAKA,-2.0420025,101.4005614,42366
3602272009,360227,KAROYA,-6.9644462,108.5537373,42366
3602272010,360227,CIBARANI,-6.4284065,105.9200531,42366
3602282001,360228,PEUCANGPARI,-6.7288624,106.1169299,42397
3602282002,360228,CIBUNGUR,-7.5139594,108.1399022,42397
3602282003,360228,MUGIJAYA,-6.7682285,106.1757379,42397
3602282004,360228,CIKATE,-6.7360217,106.2110311,NULL
3602282005,360228,CIGEMBLONG,-6.7425823,106.1698563,42397
3602282006,360228,CIKADONGDONG,-7.5455719,108.1280437,42397
3602282007,360228,CIKARET,-6.9329542,106.9638997,NULL
3602282008,360228,WANGUNJAYA,-6.7952551,106.8827427,42397
3603011001,360301,BALARAJA,NULL,NULL,15611
3603012003,360301,CANGKUDU,-6.227359,106.4317533,15616
3603012005,360301,TALAGASARI,-7.4480692,107.0864266,15618
3603012009,360301,TOBAT,1.3918595,99.2667784,15612
3603012010,360301,SENTUL,-3.2955085,104.5480484,15613
3603012011,360301,GEMBONG,-7.3666264,109.3589882,15615
3603012013,360301,SUKAMURNI,-7.3349242,107.8998566,15614
3603012014,360301,SAGA,-6.1754512,106.4553111,15619
3603012016,360301,SENTUL JAYA,-6.2067013,106.4376425,15617
3603022001,360302,PANGKAT,0.745032,99.6202166,15645
3603022002,360302,PABUARAN,-6.545413,106.9653756,15648
3603022004,360302,PASIR MUNCANG,-6.7236444,106.8311122,15642
3603022005,360302,SUMUR BANDUNG,-5.1827874,105.6383202,15643
3603022006,360302,JAYANTI,-7.0099968,106.5644562,15641
3603022007,360302,DANGDEUR,-7.1330343,107.9739244,15644
3603022008,360302,CIKANDE,-6.1449843,107.3937536,15647
3603022009,360302,PASIR GINTUNG,-5.4055388,105.2567833,15646
3603031001,360303,TIGARAKSA,-6.2618875,106.4837451,15911
3603031007,360303,KADU AGUNG,-6.2664334,106.4906526,15917
3603032002,360303,PASIR BOLANG,-6.2119278,106.4744537,15932
3603032003,360303,MATAGARA,NULL,NULL,15931
3603032004,360303,PASIR NANGKA,-6.2414009,106.4729811,15937
3603032005,360303,PETE,-6.2522048,106.4553111,15936
3603032006,360303,TEGALSARI,-5.3490514,105.0586639,15935
3603032008,360303,PEMATANG,2.0664767,99.6230001,15934
3603032009,360303,CISEREH,-6.4377415,105.909774,15933
3603032010,360303,MARGASARI,-5.6418901,105.7028457,15916
3603032011,360303,CILELES,-6.9140603,107.7784261,15912
3603032012,360303,SODONG,-7.0629598,109.7680967,15915
3603032013,360303,TAPOS,-6.3970549,106.493598,15914
3603032014,360303,BANTAR PANJANG,-6.3034502,106.4563567,15913
3603042001,360304,SUKAMANAH,-6.6879976,106.8930702,15925
3603042002,360304,JAMBE,-6.5169284,108.3949661,15921
3603042003,360304,TIPAR RAYA,NULL,NULL,15922
3603042004,360304,TABAN,-6.3326559,106.5024344,15926
3603042005,360304,DARU,-6.3330384,106.4906526,15923
3603042006,360304,KUTRUK,-6.2969748,106.4965434,15928
3603042007,360304,RANCA BUAYA,NULL,NULL,15927
3603042008,360304,MEKARSARI,-2.4281255,102.8169757,15924
3603042009,360304,ANCOL PASIR,-6.313198,106.5097984,15929
3603042010,360304,PASIR BARAT,-6.2979226,106.5068528,15929
3603052001,360305,CISOKA,-7.0396048,108.3771645,15731
3603052002,360305,CARINGIN,-6.705886,106.822133,15733
3603052003,360305,SELAPAJANG,-6.2372456,106.4302167,15734
3603052004,360305,SUKATANI,-6.6101141,106.8399623,15739
3603052006,360305,BOJONG LOA,NULL,NULL,15736
3603052007,360305,CIBUGEL,-6.9641448,108.0124469,15735
3603052008,360305,CEMPAKA,-2.0420025,101.4005614,15739
3603052009,360305,CARENANG,-6.2389085,106.3905338,15737
3603052014,360305,KARANG HARJA,NULL,NULL,15738
3603052017,360305,JEUNGJING,NULL,NULL,15732
3603062001,360306,PASIR AMPO,-6.1668937,106.40231,15623
3603062003,360306,RANCAILAT,NULL,NULL,15627
3603062007,360306,KEMUNING,-0.9743848,103.2894368,15628
3603062009,360306,RENGED,-6.1454856,106.3920058,15622
3603062011,360306,TALOK,-6.9671951,109.1716531,15629
3603062013,360306,KOPER,-6.1773082,106.3964218,15624
3603062014,360306,JENGKOL,-7.27929,109.9586179,15626
3603062015,360306,PATRASANA,NULL,NULL,15625
3603062018,360306,KRESEK,-7.7031797,111.6273187,15621
3603072001,360307,KRONJO,-6.076643,106.4288088,15551
3603072002,360307,PAGENJAHAN,-6.0847593,106.4140868,15554
3603072006,360307,PASIR,4.0941816,97.1090215,15557
3603072007,360307,MUNCUNG,-6.0439197,106.4140868,15552
3603072008,360307,PAGEDANGAN ILIR,-6.0505737,106.4464766,15559
3603072009,360307,PAGEDANGAN UDIK,-6.0789215,106.4376425,15559
3603072010,360307,PASILIAN,-6.0743642,106.4199755,15553
3603072013,360307,BAKUNG,-1.5204914,103.6189078,15556
3603072015,360307,BLUKBUK,-6.1063292,106.4185033,15555
3603072017,360307,CIRUMPAK,-6.1195968,106.4435319,15558
3603081002,360308,MAUK TIMUR,-6.0626412,106.5097984,15533
3603082001,360308,MAUK BARAT,-6.0593181,106.493598,15533
3603082003,360308,TEGAL KUNIR KIDUL,-6.0655958,106.5377839,15537
3603082004,360308,TEGAL KUNIR LOR,-6.0555758,106.5318919,15537
3603082005,360308,SASAK,0.0644106,99.6452714,15535
3603082006,360308,GUNUNG SARI,0.0778097,101.3034028,15534
3603082007,360308,KEDUNG DALEM,-6.0812729,106.5260001,15539
3603082008,360308,MARGA MULYA,0.7642327,100.4227992,15532
3603082009,360308,TANJUNG ANOM,3.5337811,98.5803433,15538
3603082010,360308,JATIWARINGIN,-6.2730676,106.9152021,15536
3603082011,360308,BANYU ASIH,-6.4863524,106.5878723,15531
3603082012,360308,KETAPANG,-4.1815095,104.6301667,15532
3603092001,360309,PATRAMANGGALA,NULL,NULL,15676
3603092002,360309,KARANG ANYAR,3.9873211,96.54098,15675
3603092003,360309,LONTAR,-4.1616204,103.7868526,15674
3603092004,360309,KEMIRI,-6.1273773,107.3109745,15671
3603092005,360309,RANCA LABUH,-6.1228292,106.4626734,15672
3603092006,360309,KLEBET,NULL,NULL,15673
3603092007,360309,LEGOK SUKA MAJU,NULL,NULL,15677
3603102001,360310,SUKADIRI,-6.0775231,106.5642998,15681
3603102002,360310,BUARAN JATI,-6.0869612,106.5480952,15682
3603102003,360310,RAWA KIDANG,-6.0699618,106.5613534,15685
3603102004,360310,PEKAYON,-6.3464395,106.8620891,15687
3603102005,360310,KARANG SERANG,-6.0344415,106.5554608,15686
3603102006,360310,KOSAMBI,-6.4425036,107.852463,15688
3603102007,360310,MEKAR KONDANG,-6.0797974,106.5731392,15684
3603102008,360310,GINTUNG,-6.8806117,109.5315193,15683
3603111010,360311,SUKATANI,-6.6101141,106.8399623,15544
3603112001,360311,RAJEG,-6.1152896,106.4994889,15541
3603112002,360311,RAJEG MULYA,NULL,NULL,15546
3603112003,360311,PANGARENGAN,-6.2090478,107.8287691,15549
3603112005,360311,JAMBU KARYA,-6.1288922,106.4729811,15543
3603112006,360311,LEMBANGSARI,NULL,NULL,15548
3603112007,360311,SUKAMANAH,-6.6879976,106.8930702,15542
3603112008,360311,TANJAKAN,-6.4701698,108.4905458,15547
3603112009,360311,TANJAKAN MEKAR,-6.094987,106.5363109,15547
3603112011,360311,SUKASARI,3.452504,98.98527,15545
3603112012,360311,RANCA BANGO,-6.0872976,106.4965434,15549
3603112013,360311,DAON,-6.1385555,106.4906526,15543
3603112014,360311,MEKARSARI,-2.4281255,102.8169757,15545
3603121005,360312,SINDANGSARI,-7.3337215,107.0185123,15562
3603121010,360312,KUTABUMI,NULL,NULL,15564
3603121012,360312,KUTA JAYA,-6.1666058,106.5731392,15566
3603121014,360312,KUTA BARU,2.6516254,95.9753267,15568
3603122001,360312,PASAR KEMIS,-6.1819258,106.5333649,15561
3603122008,360312,SUKAMANTRI,-6.647134,106.773595,15563
3603122011,360312,PANGADEGAN,-7.1597762,107.1573142,15565
3603122013,360312,GELAM JAYA,-6.1720909,106.5613534,15567
3603122015,360312,SUKA ASIH,-6.9329255,107.5875009,15569
3603132001,360313,TELUKNAGA,NULL,NULL,15511
3603132002,360313,BOJONG RENGED,-6.1042214,106.6482886,15512
3603132003,360313,BABAKAN ASEM,-6.7418388,108.0539382,15513
3603132004,360313,KEBONCAU,-6.6327752,106.2110311,15514
3603132005,360313,PANGKALAN,4.2399133,98.060158,15515
3603132006,360313,KMP MELAYU TIM,NULL,NULL,NULL
3603132007,360313,KMP MELAYU BRT,NULL,NULL,NULL
3603132008,360313,MUARA,-6.6385278,108.5492848,15517
3603132009,360313,LEMO,-0.4265431,120.0376335,NULL
3603132010,360313,TANJUNG PASIR,2.8727036,99.2037508,15518
3603132011,360313,TEGAL ANGUS,-6.0464252,106.6615529,15519
3603132012,360313,TANJUNG BURUNG,-6.0318711,106.6379724,15518
3603132013,360313,KAMPUNG BESAR,-6.0566214,106.6615529,15519
3603141001,360314,KOSAMBI BARAT,-6.06939,106.7013508,15213
3603141003,360314,SALEMBARAN JAYA,NULL,NULL,15214
3603141010,360314,DADAP,-6.4445348,108.4587626,NULL
3603142002,360314,KOSAMBI TIMUR,-6.0861031,106.6969285,15213
3603142004,360314,SALEMBARAN JATI,-6.0660771,106.685136,15214
3603142005,360314,RANGA RENGAS,NULL,NULL,15215
3603142006,360314,RAWA BURUNG,-6.1037552,106.6630268,15215
3603142007,360314,CENGKLONG,-6.0813755,106.685136,15212
3603142008,360314,BELIMBING,-0.6888792,102.5642261,15212
3603142009,360314,JATI MULYA,-6.1132741,106.6040799,15211
3603151001,360315,PAKUHAJI,-6.7440925,107.7902707,15571
3603152002,360315,PAKU ALAM,-6.8747206,108.0657939,15579
3603152003,360315,BONASARI,NULL,NULL,NULL
3603152004,360315,RAWA BONI,-6.0839751,106.6026064,15572
3603152005,360315,BUARAN MANGGA,-6.0643073,106.5790323,15578
3603152006,360315,BUARAN BAMBU,-6.0633849,106.6085003,15578
3603152007,360315,KALIBARU,-7.2208187,107.1868568,15575
3603152008,360315,KOHOD,-6.0246856,106.6232359,15575
3603152009,360315,KRAMAT,-6.1840029,106.8466001,15576
3603152010,360315,SUKAWALI,-6.0384399,106.590819,15577
3603152011,360315,SURYA BAHARI,-6.04409,106.5731392,15577
3603152012,360315,KIARA PAYUNG,-6.0936238,106.6202887,15573
3603152013,360315,LAKSANA,5.5594542,95.3239749,15574
3603152014,360315,GAGA,-6.0830483,106.6320777,15573
3603161001,360316,SEPATAN,-8.0914148,111.8464251,15521
3603162002,360316,KARET,-6.2134231,106.8252123,15527
3603162003,360316,KAYU AGUNG,-3.3764072,104.8483806,15523
3603162004,360316,KAYU BONGKOK,-6.0936924,106.577559,15524
3603162008,360316,PONDOK JAYA,-6.4365434,106.8104633,15528
3603162011,360316,PISANGAN JAYA,-6.109284,106.5687195,15525
3603162012,360316,MEKAR JAYA,3.4647557,98.4705284,15526
3603162015,360316,SARAKAN,-6.1061747,106.5863989,15522
3603171001,360317,CURUG KULON,-6.2645378,106.5495683,15810
3603171005,360317,SUKABAKTI,-5.6879875,105.6911121,15810
3603171006,360317,BINONG,-6.4,107.783333,15810
3603172002,360317,CURUG WETAN,-6.860472,108.6390877,15810
3603172003,360317,KADU,-6.8803708,108.1843756,15810
3603172004,360317,KADU JAYA,-6.2336421,106.5554608,15810
3603172010,360317,CUKANGGALIH,NULL,NULL,15810
3603181001,360318,SUKAMULYA,-3.8962854,105.0265195,15710
3603181003,360318,BUNDER,-6.9827012,108.6724911,15710
3603182002,360318,CIBADAK,-6.5612926,106.6895581,15710
3603182004,360318,TALAGA,-6.8912468,106.8679899,15710
3603182005,360318,TALAGASARI,-7.4480692,107.0864266,15710
3603182006,360318,DUKUH,-6.2960156,106.8783167,15710
3603182007,360318,CIKUPA,-7.6474169,108.1132212,15710
3603182008,360318,SUKANAGARA,-7.0929035,107.0775671,15710
3603182009,360318,BITUNG JAYA,-6.2289037,106.543676,15710
3603182010,360318,PASIR GADUNG,-6.2103325,106.5245271,15710
3603182011,360318,SUKADAMAI,5.5489362,95.3305115,15710
3603182012,360318,PASIR JAYA,0.9710526,100.2656209,15710
3603182013,360318,BUDI MULYA,-6.2357177,106.4906526,15710
3603182014,360318,BOJONG,-5.2825027,105.5884754,15710
3603191002,360319,MEKAR BAKTI,-6.2527828,106.5171626,15710
3603192001,360319,RANCA IYUH,-6.3062685,106.5260001,15710
3603192003,360319,PEUSAR,-6.2506959,106.5024344,15710
3603192004,360319,RANCA KALAPA,-6.2910912,106.5201084,15710
3603192005,360319,SERDANG KULON,-6.2852081,106.543676,15710
3603192006,360319,MEKAR JAYA,3.4647557,98.4705284,15710
3603192007,360319,CIAKAR,-7.1991195,108.3460141,15710
3603192008,360319,PANONGAN,-6.8675898,108.5730321,15710
3603201011,360320,BABAKAN,-5.4091143,104.8892473,15828
3603202002,360320,CARINGIN,-6.705886,106.822133,15826
3603202003,360320,SERDANG WETAN,-6.2846364,106.5613534,15822
3603202004,360320,BABAT,-3.4671311,104.3820034,15824
3603202005,360320,CIANGIR,-7.1047476,108.7303974,15824
3603202006,360320,LEGOK,-1.5996453,103.5847179,15821
3603202007,360320,PALASARI,-6.6617546,106.79719,15823
3603202008,360320,BOJONGKAMAL,NULL,NULL,15825
3603202009,360320,RANCAGONG,-6.2789442,106.5790323,15822
3603202010,360320,KEMUNING,-0.9743848,103.2894368,15827
3603202012,360320,CIRARAB,-6.3305469,106.5672462,15825
3603221004,360322,MEDANG,3.3788768,99.3839598,15853
3603222002,360322,CICALENGKA,-6.2982769,106.6143944,15855
3603222003,360322,PAGEDANGAN,-6.5606106,108.3178328,15859
3603222005,360322,CIJANTRA,-6.2804536,106.6114474,15854
3603222006,360322,LENGKONG KULON,-6.2796882,106.635025,15851
3603222007,360322,SITU GADUNG,-6.3132557,106.6261831,15858
3603222008,360322,JATAKE,-6.7799247,106.287521,15856
3603222009,360322,CIHUNI,-7.1713263,107.9998525,15852
3603222010,360322,KADU SIRUNG,-6.3191469,106.6026064,15856
3603222011,360322,MALANG NENGAH,-6.3299702,106.5849256,15857
3603222012,360322,KARANG TENGAH,3.350614,98.9493751,15857
3603231001,360323,CISAUK,-6.3411405,106.635025,15841
3603232003,360323,MEKAR WANGI,-3.8199201,105.1609838,15846
3603232005,360323,SURADITA,-6.3513887,106.635025,15843
3603232006,360323,SAMPORA,-6.929312,106.5996595,15845
3603232009,360323,DANGDANG,-6.3495035,106.6143944,15842
3603232011,360323,CIBOGO,-6.8922056,108.6932769,15844
3603272001,360327,BENDA,-6.7707539,106.8104633,15632
3603272002,360327,SUKAMULYA,-3.8962854,105.0265195,15631
3603272003,360327,KALIASIN,NULL,NULL,15633
3603272004,360327,BUNIAYU,-7.6219027,109.4348351,15637
3603272005,360327,PARAHU,-6.176009,106.4376425,15635
3603272006,360327,MERAK,-7.0084051,110.7569465,15636
3603272007,360327,BUNAR,-6.5277587,106.5024344,15638
3603272008,360327,KUBANG,-0.1423977,100.4902451,15634
3603281001,360328,KELAPA DUA,-2.511322,104.5247463,15831
3603281002,360328,BENCONGAN,-6.2374323,106.5967126,15832
3603281003,360328,BENCONGAN INDAH,-6.2155528,106.601133,15836
3603281004,360328,PAKULONAN BARAT,-6.2362927,106.6320777,15835
3603281005,360328,BOJONG NANGKA,-6.4288646,106.9240554,15833
3603282006,360328,CURUG SANGERENG,-6.253853,106.6224954,15834
3603292001,360329,SINDANG JAYA,-3.5190989,102.6618145,15591
3603292002,360329,WANAKERTA,-7.10508,107.9961483,15595
3603292003,360329,SUKAHARJA,-6.6019425,106.7656825,15596
3603292004,360329,SINDANGASIH,-6.8336714,107.1750393,15593
3603292005,360329,SINDANGPANON,-7.0606974,107.5830623,15597
3603292006,360329,SINDANGSONO,NULL,NULL,15594
3603292007,360329,BADAK ANOM,-6.1491469,106.4788714,15592
3603302001,360330,KEDAUNG BARAT,-6.1246212,106.6085003,15583
3603302002,360330,LEBAK WANGI,-6.1401271,106.6026064,15584
3603302003,360330,JATI MULYA,-6.1132741,106.6040799,15581
3603302004,360330,SANGIANG,-7.0008813,107.7961932,15588
3603302005,360330,GEMPOL SARI,-6.9316972,107.5519946,15587
3603302006,360330,KAMPUNG KELOR,-6.1126223,106.6247095,15586
3603302007,360330,PONDOK KELOR,-7.7057139,113.5103504,15585
3603302008,360330,TANAH MERAH,2.3686651,97.883045,15582
3603312001,360331,SOLEAR,-6.3070347,106.4229199,15741
3603312002,360331,CIKUYA,-6.9842824,107.8258075,15743
3603312003,360331,CIKASUNGKA,-7.005111,107.8198844,15744
3603312004,360331,CIREUNDEU,-6.9787005,106.3758145,15742
3603312005,360331,CIKAREO,-6.5030262,106.0816536,15745
3603312006,360331,PASANGGRAHAN,-7.2298512,106.8827427,15746
3603312007,360331,MUNJUL,-6.3503773,106.8974964,15747
3603322001,360332,GUNUNG KALER,-6.0936083,106.3758145,15651
3603322002,360332,SIDOKO,-6.0758228,106.3728707,15658
3603322003,360332,RANCAGEDE,NULL,NULL,15656
3603322004,360332,KEDUNG,-6.7258804,111.4946618,15659
3603322005,360332,CIPAEH,-6.0862198,106.3669834,15657
3603322006,360332,ONYAM,-6.1064532,106.3546021,15652
3603322007,360332,TAMIANG,0.6721736,99.7622922,15655
3603322008,360332,KANDAWATI,NULL,NULL,15653
3603322009,360332,CIBETOK,-6.1163254,106.3846459,15654
3603332001,360333,MEKAR BARU,2.9881843,99.6181291,15661
3603332002,360333,KEDAUNG,-5.6528992,105.7644596,15668
3603332003,360333,CIJERUK,-6.6814912,106.7970599,15667
3603332004,360333,WALIWIS,-6.0597772,106.3964218,15665
3603332005,360333,KLUTUK,-6.8268504,111.8359916,15664
3603332006,360333,JENGGOT,-6.9181106,109.6683947,15666
3603332007,360333,KOSAMBI DALAM,-6.0853075,106.3964218,15662
3603332008,360333,GANDARIA,-3.0949652,114.5509924,15663
3604052001,360405,KRAMATWATU,-6.045161,106.1228099,42161
3604052002,360405,MARGASANA,-7.532337,109.1374653,42161
3604052003,360405,PEJATEN,-6.0448464,107.346448,42161
3604052004,360405,TOYOMERTO,-6.0381184,106.1022307,42161
3604052005,360405,HARJATANI,-6.0454381,106.0713659,42161
3604052006,360405,SERDANG,4.9702118,97.2841698,42161
3604052007,360405,TERATE,-3.2772058,104.8731913,42161
3604052008,360405,TONJONG,-6.4884061,106.7559004,42161
3604052009,360405,PAMENGKANG,-6.7708504,108.5611583,42161
3604052010,360405,PEGADINGAN,-7.4017524,108.7660364,42161
3604052011,360405,LEBAKWANA,-6.0738976,106.1022307,42161
3604052012,360405,WANAYASA,-6.8508091,108.5121827,42161
3604052013,360405,PELAMUNAN,-6.074595,106.1213399,42161
3604052014,360405,TELUK TERATE,-6.0123983,106.1081103,42161
3604052015,360405,MARGATANI,-3.334912,103.1567337,42161
3604062001,360406,WARINGINKURUNG,-6.6897841,105.6559158,42153
3604062002,360406,TALAGA LUHUR,NULL,NULL,42153
3604062003,360406,BINANGUN,-7.3992145,108.525539,42153
3604062004,360406,MELATI,-6.0804384,106.0552006,42153
3604062005,360406,SASAHAN,-6.1164299,106.0493226,42153
3604062006,360406,SUKA DALEM,NULL,NULL,42153
3604062007,360406,SUKABARES,-6.2231281,106.0360979,42153
3604062008,360406,SAMBILAWANG,-6.6472643,111.1190671,42153
3604062009,360406,SAMPIR,-6.0820288,106.0449143,42153
3604062010,360406,COKOPSULANJANA,-6.1210097,106.0669571,42153
3604062011,360406,KEMUNING,-0.9743848,103.2894368,42153
3604072001,360407,BOJONEGARA,-6.3503014,107.8643107,42154
3604072002,360407,MANGKUNEGARA,-3.1765587,103.9898233,42154
3604072003,360407,WANAKARTA,-5.9829922,106.0669571,42154
3604072004,360407,KARANG KEPUH,NULL,NULL,42154
3604072005,360407,LAMBANGSARI,-6.2791748,107.0391798,42154
3604072006,360407,KERTASANA,-5.9977833,106.0845931,42154
3604072007,360407,MARGAGIRI,-6.4182293,105.8349009,42154
3604072008,360407,UKIRSARI,-7.8191102,109.845489,42154
3604072009,360407,PAKUNCEN,-7.2955323,109.3693979,42154
3604072010,360407,PANGARENGAN,-6.2090478,107.8287691,42154
3604072011,360407,MEKAR JAYA,3.4647557,98.4705284,42154
3604082001,360408,PULO AMPEL,NULL,NULL,42155
3604082002,360408,SUMURANJA,-5.9113819,106.0728356,42155
3604082003,360408,MANGUNREJA,-7.3793391,108.07765,42155
3604082004,360408,GEDUNG SOKA,NULL,NULL,42155
3604082005,360408,SALIRA,-5.8892164,106.0463837,42155
3604082006,360408,ARGAWANA,-5.9412879,106.0963513,42155
3604082007,360408,BANYUWANGI,-5.2619795,104.8892473,42155
3604082008,360408,MARGASARI,-5.6418901,105.7028457,42155
3604082009,360408,PULO PANJANG,-5.9268769,106.1522126,42155
3604092001,360409,CIRUAS,-6.0976091,106.2463305,42182
3604092002,360409,CITEREP,-6.1260028,106.237505,42182
3604092003,360409,PULO,5.4619045,95.6352801,42182
3604092004,360409,KADIKARAN,-6.1066912,106.2419177,42182
3604092005,360409,KEPANDEAN,-6.3477425,108.3252487,42182
3604092006,360409,GOSARA,-6.0951439,106.2433886,42182
3604092009,360409,BUMIJAYA,-6.0808631,106.2507433,42182
3604092010,360409,PENGGALANG,-7.6513691,109.1315198,42182
3604092011,360409,PAMONG,-6.0854635,106.2257384,42182
3604092012,360409,CIGELAM,-6.4776767,107.4381106,42182
3604092013,360409,SINGAMERTA,-7.3969704,109.7383332,42182
3604092014,360409,RANJENG,-6.8521957,108.0509743,42182
3604092015,360409,BEBERAN,-6.7232598,108.4379904,42182
3604092016,360409,KASERANGAN,NULL,NULL,42182
3604092017,360409,PELAWAD,-6.125133,106.2242676,42182
3604112001,360411,KRAGILAN,-7.6339373,109.9720161,42184
3604112002,360411,SILEBU,-6.8411566,108.497343,42184
3604112003,360411,PEMATANG,2.0664767,99.6230001,42184
3604112004,360411,DUKUH,-6.2960156,106.8783167,42184
3604112005,360411,UNDAR ANDIR,-6.1497508,106.2963486,42184
3604112006,360411,SUKAJADI,4.2901695,98.1147418,42184
3604112007,360411,SENTUL,-3.2955085,104.5480484,42184
3604112008,360411,JERUK TIPIS,NULL,NULL,42184
3604112011,360411,KENDAYAKAN,-6.4497186,108.1458316,42184
3604112012,360411,TEGALMAJA,-6.1192509,106.2904635,42184
3604112013,360411,CISAIT,-6.1496159,106.2595694,42184
3604112014,360411,KRAMATJATI,-6.1656487,106.2786937,42184
3604122001,360412,PONTANG,-8.3540321,113.6383187,42192
3604122002,360412,SUKANEGARA,-3.8077263,103.5140506,42192
3604122003,360412,LINDUK,-6.0283734,106.2551563,42192
3604122004,360412,PULOKENCANA,NULL,NULL,42192
3604122006,360412,KELAPIAN,NULL,NULL,NULL
3604122008,360412,KUBANG PUJI,-6.0151639,106.2698669,42192
3604122009,360412,DOMAS,-7.7963049,111.2159425,42192
3604122010,360412,SINGARAJAN,-6.0217565,106.2838429,42192
3604122011,360412,KASERANGAN,NULL,NULL,42192
3604122012,360412,WANAYASA,-6.8508091,108.5121827,42192
3604122013,360412,SUKA JAYA,2.4685333,96.3824512,42192
3604132001,360413,TIRTAYASA,-5.9986027,106.3110622,42193
3604132002,360413,SAMPARWADI,-6.0202435,106.3125336,42193
3604132003,360413,KAMANISAN,-6.1901527,106.1492721,42193
3604132004,360413,PONTANG LEGON,-6.0119854,106.2904635,42193
3604132005,360413,KEBON,-3.4918788,103.0212924,42193
3604132006,360413,SUJUNG,-6.0007056,106.3257768,42193
3604132007,360413,LONTAR,-4.1616204,103.7868526,42193
3604132008,360413,SUSUKAN,-6.315539,106.8679899,42193
3604132009,360413,WARGASARA,-5.8152335,106.2858853,42193
3604132010,360413,LABAN,-7.8431862,109.9601066,42193
3604132011,360413,TENGKURAK,-5.9820484,106.3522658,42193
3604132012,360413,ALANG-ALANG,NULL,NULL,42193
3604132013,360413,KEBUYUTAN,-6.0178714,106.306648,42193
3604132014,360413,PUSER,-6.0328234,106.3184193,42193
3604142001,360414,TANARA,-6.0168524,106.3817021,42194
3604142002,360414,CERUKCUK,-6.025678,106.3434358,42194
3604142003,360414,TENJOAYU,-6.7737491,106.7986648,42194
3604142004,360414,SUKAMANAH,-6.6879976,106.8930702,42194
3604142005,360414,LEMPUYANG,-6.3852434,107.9561464,42194
3604142006,360414,SIREMEN,-6.0515613,106.3316629,42194
3604142007,360414,BENDUNG,-7.8478261,110.7152265,42194
3604142008,360414,PEDALEMAN,-6.0217736,106.3875898,42194
3604142009,360414,CIBODAS,-6.5134022,107.0007987,42194
3604152001,360415,CIKANDE,-6.1449843,107.3937536,42186
3604152002,360415,LEUWI LIMUS,NULL,NULL,42186
3604152003,360415,NAMBO UDIK,-6.2155422,106.3198908,42186
3604152004,360415,PARIGI,1.7804805,99.6912245,42186
3604152005,360415,KOPER,-6.1773082,106.3964218,42186
3604152006,360415,BAKUNG,-1.5204914,103.6189078,42186
3604152007,360415,JULANG,-6.1736726,106.3493224,42186
3604152008,360415,SUKATANI,-6.6101141,106.8399623,42186
3604152009,360415,SITUTERATE,-6.2174524,106.3404925,42186
3604152010,360415,KAMURANG,-6.7071668,107.2577736,42186
3604152011,360415,GEMBOR UDIK,-6.1581427,106.3552092,42186
3604152012,360415,SONGGOMJAYA,NULL,NULL,42186
3604152013,360415,CIKANDE PERMAI,-6.2232985,106.344326,42186
3604162001,360416,KIBIN,-6.1567813,106.3169479,42185
3604162002,360416,KETOS,-8.1602478,110.8463512,42185
3604162003,360416,CIJERUK,-6.6814912,106.7970599,42185
3604162004,360416,NAGARA,3.0195684,98.4458421,42185
3604162005,360416,NAMBO ILIR,-6.1793428,106.3316629,42185
3604162006,360416,BARENGKOK,-6.5978669,106.635025,42185
3604162007,360416,SUKAMAJU,1.8177944,99.2231387,42185
3604162008,360416,TAMBAK,-0.1344759,102.6072696,42185
3604162009,360416,CIAGEL,-6.1440864,106.314005,42185
3604172001,360417,CARENANG,-6.2389085,106.3905338,42195
3604172002,360417,PAMANUK,-6.083822,106.3323799,42195
3604172003,360417,MANDAYA,-6.1081159,106.3198908,42195
3604172004,360417,TERAS,-7.5403833,110.6586087,42195
3604172006,360417,RAGASMASIGIT,NULL,NULL,42195
3604172007,360417,WALIKUKUN,-7.4076546,111.2278658,42195
3604172009,360417,PANENJOAN,-6.9727564,107.8243267,42195
3604172010,360417,MEKARSARI,-2.4281255,102.8169757,42195
3604182001,360418,BINUANG,0.3748812,101.0004846,42196
3604182002,360418,CAKUNG,-6.1174246,106.3493224,42196
3604182003,360418,RENGED,-6.1454856,106.3920058,42196
3604182004,360418,GEMBOR,-6.515276,107.8169229,42196
3604182005,360418,WARAKAS,-6.1223898,106.8783167,42196
3604182006,360418,SUKAMAMPIR,-6.1077511,106.3316629,42196
3604182007,360418,LAMARAN,-6.1355911,106.3404925,42196
3604192001,360419,PETIR,-6.6078034,106.7205154,42172
3604192002,360419,CIRANGKONG,-6.6500292,107.7695429,42172
3604192003,360419,TAMBILUK,-6.2412794,106.2345633,42172
3604192004,360419,SINDANGSARI,-7.3337215,107.0185123,42172
3604192005,360419,PADASUKA,-6.5948638,106.7603239,42172
3604192006,360419,SEUAT,-6.2358993,106.1610343,42172
3604192007,360419,NAGARAPADANG,NULL,NULL,42172
3604192008,360419,KADUGENEP,-6.2628933,106.199266,42172
3604192009,360419,CIRENDEU,NULL,NULL,42172
3604192010,360419,SANDING,-7.0882491,108.0628299,42172
3604192011,360419,KAMPUNG BARU,2.28514,97.9647353,42172
3604192012,360419,MEKAR BARU,2.9881843,99.6181291,42172
3604192013,360419,SEUAT JAYA,-6.2461512,106.1610343,42172
3604192014,360419,KUBANG JAYA,0.4182163,101.4168819,42172
3604192015,360419,BOJONG NANGKA,-6.4288646,106.9240554,42172
3604202001,360420,TANJUNG TEJA,NULL,NULL,NULL
3604202002,360420,SUKASARI,3.452504,98.98527,42174
3604202003,360420,PANUNGGULAN,0.84705,99.1566855,42174
3604202004,360420,MALANGGAH,-6.2614085,106.2463305,42174
3604202005,360420,KEMUNING,-0.9743848,103.2894368,NULL
3604202006,360420,BOJONG MENTENG,-6.3013872,106.9860384,42174
3604202007,360420,BOJONG CATANG,-6.2686322,106.2610404,42174
3604202008,360420,BOJONG PANDAN,-6.2992093,106.2669247,42174
3604202009,360420,PANCAREGANG,-6.2837097,106.2301508,42174
3604222001,360422,BAROS,-5.4966109,104.6187047,42173
3604222002,360422,TEJAMARI,-6.2417612,106.1375107,42173
3604222003,360422,PANYIRAPAN,-7.0409874,107.525368,42173
3604222004,360422,SIDAMUKTI,-6.858925,108.2080973,42173
3604222005,360422,SUKACAI,-6.3477582,105.8671954,42173
3604222006,360422,TAMANSARI,-5.4689641,104.8337879,42173
3604222007,360422,SINDANGMANDI,-6.2227226,106.0904721,42173
3604222008,360422,CISALAM,-6.2067995,106.1081103,42173
3604222009,360422,SUKAMANAH,-6.6879976,106.8930702,42173
3604222010,360422,SUKAMENAK,-6.971678,107.5845418,42173
3604222011,360422,CURUGAGUNG,-6.6303457,107.6777669,42173
3604222012,360422,PADASUKA,-6.5948638,106.7603239,42172
3604222013,360422,SINARMUKTI,-6.2311416,106.1492721,42173
3604222014,360422,SUKA INDAH,-6.2460201,106.12428,42173
3604232001,360423,CIKEUSAL,-7.4399664,108.1132212,42175
3604232002,360423,DAHU,-6.3818749,105.8862812,42175
3604232003,360423,KATULISAN,-6.2332533,106.2860497,42175
3604232004,360423,SUKAMAJU,1.8177944,99.2231387,42175
3604232005,360423,CILAYANG,-6.4096351,106.4229199,42175
3604232006,360423,SUKAMENAK,-6.971678,107.5845418,42173
3604232007,360423,CIMAUNG,-7.0868507,107.5630511,42175
3604232008,360423,PANYABRANGAN,-6.2526982,106.2786937,42175
3604232009,360423,GANDAYASA,-6.1861195,106.2786937,42175
3604232010,360423,BANTAR PANJANG,-6.3034502,106.4563567,42175
3604232011,360423,SUKARATU,-5.7395399,105.6221924,42175
3604232012,360423,HARUNDANG,-6.2016617,106.2728091,42175
3604232013,360423,SUKARAME,5.1094065,96.8377799,42175
3604232014,360423,PANOSOGAN,-6.2117179,106.2786937,42175
3604232015,360423,MONGPOK,-6.1866715,106.2610404,42175
3604232016,360423,SUKARAJA,4.0460467,96.4956455,42175
3604232017,360423,CILAYANG GUHA,-6.1958351,106.2589154,42175
3604242001,360424,PAMARAYAN,-6.3556996,105.9009639,42176
3604242002,360424,DAMPING,-6.2830778,106.2904635,42176
3604242003,360424,WIRANA,-6.2984597,106.2904635,42176
3604242004,360424,KEBONCAU,-6.6327752,106.2110311,42176
3604242005,360424,PUDAR,-6.2874551,106.314005,42176
3604242006,360424,BINONG,-6.4,107.783333,42176
3604242007,360424,SANGIANG,-7.0008813,107.7961932,42176
3604242008,360424,KAMPUNG BARU,2.28514,97.9647353,42172
3604242010,360424,PASIRLIMUS,-6.2690475,106.3287199,42176
3604242018,360424,PASIR KEMBANG,-6.3474873,106.3610962,42176
3604252001,360425,KOPO,-6.6681312,106.9093,42178
3604252002,360425,GARUT,4.0833169,97.0458113,42178
3604252003,360425,NANGGUNG,-6.6144449,106.5260001,42178
3604252004,360425,CIDAHU,-7.3862215,106.5996595,42178
3604252005,360425,NYOMPOK,-6.2648923,106.3787583,42178
3604252006,360425,GABUS,-7.3622968,111.0478784,42178
3604252007,360425,CARENANG UDIK,-6.2353953,106.3802302,42178
3604252008,360425,RANCASUMUR,-6.3055128,106.3905338,42178
3604252009,360425,BABAKANJAYA,-6.8021323,106.7617984,42178
3604252010,360425,MEKARBARU,-6.2291162,106.2139724,42172
3604262001,360426,JAWILAN,-6.2843448,106.3443085,42177
3604262002,360426,BOJOT,-6.307023,106.3434358,42177
3604262003,360426,CEMPLANG,-6.57956,106.6438673,42177
3604262004,360426,PAGINTUNGAN,-6.3129046,106.3198908,42177
3604262005,360426,PASIRBUYUT,-6.2859526,106.3610962,42177
3604262006,360426,MAJASARI,-3.4456422,104.2468615,42177
3604262007,360426,PARAKAN,-6.6202749,106.7691712,42177
3604262008,360426,KAREO,-6.9530839,108.3252487,42177
3604262009,360426,JUNTI,-6.2481795,106.3404925,42177
3604272001,360427,UJUNGTEBU,-6.2588897,105.9993672,42164
3604272002,360427,SIKETUG,-6.2410244,105.9964291,42164
3604272003,360427,LEBAK,-7.4890761,109.8008384,42164
3604272004,360427,PONDOK KAHARU,NULL,NULL,42164
3604272005,360427,SUKABARES,-6.2231281,106.0360979,42164
3604272006,360427,SUKARENA,-3.2160505,103.2374927,42164
3604272007,360427,SUKADANA,-3.3717946,104.8308695,42164
3604272008,360427,CEMPLANG,-6.57956,106.6438673,42164
3604272009,360427,CISITU,-7.0621891,106.9299579,42164
3604272010,360427,CITAMAN,-7.0079514,107.879121,42164
3604272011,360427,PANYAUNGAN JAYA,-6.2346199,106.0375673,42164
3604282001,360428,PABUARAN,-6.545413,106.9653756,42163
3604282006,360428,KADUBEUREUM,-6.2378916,105.9318012,42163
3604282007,360428,TANJUNGSARI,-5.289519,105.2107049,42163
3604282009,360428,PANCANEGARA,-6.1841993,106.0934117,42163
3604282010,360428,SINDANGSARI,-7.3337215,107.0185123,42163
3604282012,360428,SINDANGHEULA,-7.1034732,108.8224716,42163
3604282013,360428,PASANGGRAHAN,-7.2298512,106.8827427,42163
3604282015,360428,TALAGA WARNA,-6.2181582,106.0514641,42163
3604292001,360429,PADARINCANG,-6.2139945,105.9582372,42168
3604292002,360429,BUGEL,-7.1793578,108.104328,42168
3604292003,360429,CIBOJONG,-6.2433851,105.9200531,42168
3604292004,360429,CITASUK,-6.2060317,105.9670501,42168
3604292005,360429,CISAAT,-6.9125034,106.8871687,42168
3604292006,360429,CIOMAS,-6.6019425,106.7656825,42168
3604292007,360429,BARUGBUG,-6.4001309,107.5357224,42168
3604292008,360429,BATU KUWUNG,NULL,NULL,42168
3604292009,360429,KRAMATLABAN,-6.2072947,105.9259271,42168
3604292010,360429,KELUMPANG,-0.1638152,103.1509672,42168
3604292011,360429,KADUBEUREUM,-6.2378916,105.9318012,42163
3604292012,360429,CIPAYUNG,-6.3272512,106.9004472,42168
3604292013,360429,CURUG GOONG,-6.2152002,106.0023054,42168
3604292014,360429,KADU KEMPONG,NULL,NULL,42168
3604302001,360430,ANYAR,-3.4254701,104.8367063,42166
3604302002,360430,SINDANG MANDI,NULL,NULL,42166
3604302003,360430,CIKONENG,-7.064575,107.4824751,42166
3604302004,360430,TANJUNG MANIS,0.9254021,118.1005632,42166
3604302005,360430,BANDULU,-6.10835,105.8936224,42166
3604302006,360430,BUNIHARA,-6.0790475,105.9318012,42166
3604302007,360430,KOSAMBIRONYOK,NULL,NULL,42166
3604302008,360430,BANJARSARI,-5.4733665,104.502904,42166
3604302009,360430,MEKARSARI,-2.4281255,102.8169757,42166
3604302010,360430,SINDANGKARYA,-6.2027749,107.3405354,42166
3604302011,360430,TAMBANG AYAM,-6.089301,105.883312,42166
3604302012,360430,GROGOL INDAH,-6.0566044,105.9252978,42166
3604312001,360431,CINANGKA,-6.5931802,106.6969285,42167
3604312002,360431,BANTAR WARU,NULL,NULL,42167
3604312003,360431,PASAURAN,-6.2200719,105.843708,42167
3604312004,360431,BULAKAN,-7.6748448,110.7867474,42167
3604312005,360431,KARANG SURAGA,-6.1682468,105.8613233,42167
3604312006,360431,UMBUL TANJUNG,-6.2324516,105.8583873,42167
3604312007,360431,KUBANG BAROS,-6.1673547,105.8906859,42167
3604312008,360431,RANCA SANGGAL,NULL,NULL,42167
3604312009,360431,CIKOLELET,-6.1588634,105.9171161,42167
3604312010,360431,SINDANG LAYA,-3.0615201,103.4627375,42167
3604312011,360431,KAMASAN,-7.0466778,107.5786238,42167
3604312012,360431,BANTAR WANGI,NULL,NULL,42167
3604312013,360431,MEKARSARI,-2.4281255,102.8169757,42166
3604312014,360431,BAROS JAYA,-6.151623,105.8811403,42167
3604322001,360432,MANCAK,-6.1108068,105.981739,42165
3604322002,360432,CIWARNA,-6.1240511,105.9670501,42165
3604322003,360432,ANGSANA,-6.6088273,105.8407722,42165
3604322004,360432,TALAGA,-6.8912468,106.8679899,42165
3604322005,360432,CIKEDUNG,-6.4920684,108.1725154,42165
3604322006,360432,SIGEDONG,-7.1918327,109.9705274,42165
3604322007,360432,SANGIANG,-7.0008813,107.7961932,42165
3604322008,360432,PASIRWARU,-7.0250616,107.9679983,42165
3604322009,360432,WARINGIN,-6.7532357,108.291137,42165
3604322010,360432,WINONG,-6.6795196,108.4127686,42165
3604322011,360432,BATUKUDA,-6.0546653,106.0058056,42165
3604322012,360432,LABUAN,-6.3667673,105.8349009,NULL
3604322013,360432,BALE KAMBANG,-6.2783936,106.8496169,42165
3604322014,360432,BALE KENCANA,-6.10098,105.9546483,42165
3604332001,360433,GUNUNGSARI,-5.2489877,104.4781532,42169
3604332002,360433,CIHERANG,-5.415792,104.773972,42169
3604332003,360433,TAMIANG,0.6721736,99.7622922,42169
3604332004,360433,SUKALABA,-6.1484695,106.0478532,42169
3604332005,360433,KADU AGUNG,-6.2664334,106.4906526,42169
3604332006,360433,LUWUK,-7.71402,112.8314053,42169
3604332007,360433,CURUG SULANJANA,-6.1369044,106.0493226,42169
3604342001,360434,BANDUNG,-7.6660688,109.7026189,42179
3604342002,360434,MANDER,-6.856051,111.8032005,42179
3604342003,360434,PENAMPING,NULL,NULL,42179
3604342004,360434,PANGAWINAN,-6.2466437,106.3081194,42179
3604342005,360434,MALABAR,-6.9258108,107.6222719,42179
3604342006,360434,BLOKANG,-6.201108,106.2904635,42179
3604342007,360434,BABAKAN,-5.4091143,104.8892473,42179
3604342008,360434,PRINGWULUNG,-6.1905008,106.3022339,42179
3604352001,360435,KAMARUTON,-6.0787269,106.2786937,42197
3604352002,360435,TERAS BENDUNG,NULL,NULL,42197
3604352003,360435,LEBAK WANGI,-6.1401271,106.6026064,42197
3604352004,360435,LEBAK KEPUH,-6.0787269,106.2786937,42197
3604352005,360435,KENCANA HARAPAN,-6.0787269,106.2786937,42197
3604352006,360435,PEGANDIKAN,-6.0787269,106.2786937,42197
3604352007,360435,PURWADADI,-7.4501382,108.6620986,42197
3604352008,360435,BOLANG,-6.0665315,107.3050627,42197
3604352009,360435,TIREM,-6.9988709,110.9089378,42197
3604352010,360435,KEBONRATU,-6.0787269,106.2786937,42197
3671011001,367101,SUKARASA,-6.6029106,107.0834734,15111
3671011002,367101,SUKAASIH,-7.3633258,108.1206323,15111
3671011003,367101,TANAH TINGGI,3.2522104,99.3700834,15119
3671011004,367101,BUARAN INDAH,-6.1794913,106.6497623,15119
3671011005,367101,CIKOKOL,-6.2107244,106.6320777,15117
3671011006,367101,KELAPA INDAH,-6.2001219,106.6438673,15117
3671011007,367101,SUKASARI,3.452504,98.98527,15118
3671011008,367101,BABAKAN,-5.4091143,104.8892473,15118
3671021001,367102,KERONCONG,NULL,NULL,15134
3671021002,367102,JATAKE,-6.7799247,106.287521,15136
3671021003,367102,PASIR JAYA,0.9710526,100.2656209,15135
3671021004,367102,GANDASARI,-7.2102537,107.0568962,15137
3671021005,367102,MANIS JAYA,-6.212426,106.5790323,15136
3671021006,367102,ALAM JAYA,4.7993266,96.7453848,15133
3671031001,367103,BATUCEPER,-6.1656824,106.682188,15122
3671031002,367103,BATUJAYA,-6.7940456,108.2288552,15121
3671031003,367103,PORIS GAGA,NULL,NULL,15122
3671031004,367103,PORIS GAGA BARU,NULL,NULL,15122
3671031005,367103,KEBON BESAR,-6.1581159,106.67924,15122
3671031006,367103,BATUSARI,-6.5158238,107.7310526,15121
3671031007,367103,PORIS JAYA,-6.1728709,106.677029,15122
3671041001,367104,BELENDUNG,-6.5481374,107.7917513,15123
3671041002,367104,JURUMUDI,-6.1376917,106.67924,15124
3671041003,367104,BENDA,-6.7707539,106.8104633,15125
3671041004,367104,PAJANG,-7.571087,110.7882375,15126
3671041005,367104,JURUMUDI BARU,-6.1495395,106.6743734,15124
3671051001,367105,CIPONDOH,-6.3231664,107.4736016,15148
3671051002,367105,CIPONDOH MAKMUR,-6.182426,106.677766,15148
3671051003,367105,CIPONDOH INDAH,-6.1794933,106.6895581,15148
3671051004,367105,GONDRONG,-6.1933063,106.6969285,15146
3671051005,367105,KENANGA,-3.2858988,102.8701796,15146
3671051006,367105,PETIR,-6.6078034,106.7205154,15147
3671051007,367105,KETAPANG,-4.1815095,104.6301667,15147
3671051008,367105,PORIS PLAWAD,-6.1701263,106.6630268,15141
3671051009,367105,PORIS PLAWAD UTARA,-6.1828041,106.6659746,15141
3671051010,367105,PORIS PLAWAD INDAH,-6.1944432,106.6615529,15141
3671061001,367106,PANINGGILAN,-6.2489634,106.7146184,15153
3671061002,367106,SUDIMARA BARAT,-6.2326798,106.7042991,15151
3671061003,367106,SUDIMARA TIMUR,-6.2322977,106.7160926,15151
3671061004,367106,TAJUR,-5.6716014,105.169757,15152
3671061005,367106,PARUNG SERAB,-6.2493465,106.702825,15153
3671061006,367106,SUDIMARA JAYA,-6.2299326,106.7101958,15151
3671061007,367106,SUDIMARA SELATAN,-6.2303144,106.6984026,15151
3671061008,367106,PANINGGILAN UTARA,-6.2400626,106.7131442,15153
3671071001,367107,KARAWACI,-6.1805852,106.6202025,15115
3671071002,367107,BOJONG JAYA,NULL,NULL,15115
3671071003,367107,KARAWACI BARU,-6.1998363,106.6129209,15116
3671071004,367107,NUSA JAYA,-4.128889,104.7579278,15116
3671071005,367107,CIMONE,-6.1871517,106.6099738,15114
3671071006,367107,CIMONE JAYA,-6.1895188,106.615868,15114
3671071007,367107,PABUARAN,-6.545413,106.9653756,15114
3671071008,367107,SUMUR PACING,-6.1760331,106.6180783,15114
3671071009,367107,BUGEL,-7.1793578,108.104328,15113
3671071010,367107,MARGASARI,-5.6418901,105.7028457,15113
3671071011,367107,PABUARAN TUMPENG,-6.1690779,106.615868,15112
3671071012,367107,NAMBO JAYA,-4.2436855,123.1337468,15112
3671071013,367107,GERENDENG,-6.1739052,106.6247095,15113
3671071014,367107,SUKAJADI,4.2901695,98.1147418,15113
3671071015,367107,PASAR BARU,1.7399613,98.7790986,15112
3671071016,367107,KOANG JAYA,NULL,NULL,15112
3671081001,367108,PERIUK,-6.1505294,106.5967126,15131
3671081002,367108,GEMBOR,-6.515276,107.8169229,15133
3671081003,367108,GEBANG RAYA,-6.1762637,106.590819,15132
3671081004,367108,SANGIANG JAYA,-6.4858243,106.293406,15132
3671081005,367108,PERIUK JAYA,-6.1552632,106.6085003,15131
3671091001,367109,CIBODAS,-6.5134022,107.0007987,15138
3671091002,367109,CIBODASARI,-6.2101558,106.6099738,15138
3671091003,367109,CIBODAS BARU,-6.2026756,106.6040799,15138
3671091004,367109,PANUNGGANGAN BARAT,-6.2213296,106.6202887,15139
3671091005,367109,UWUNG JAYA,-6.2003081,106.5981861,15138
3671091006,367109,JATIUWUNG,-6.1953843,106.5922924,15139
3671101001,367110,NEGLASARI,-5.4884332,105.4595306,15129
3671101002,367110,KARANG SARI,3.0018208,99.1096477,15127
3671101003,367110,SELAPAJANG JAYA,-6.1134789,106.6379724,15127
3671101004,367110,KEDAUNG WETAN,-6.1344597,106.6202887,15128
3671101005,367110,MEKARSARI,-2.4281255,102.8169757,15129
3671101006,367110,KARANG ANYAR,3.9873211,96.54098,15127
3671101007,367110,KEDAUNG BARU,-6.1282172,106.615868,15128
3671111001,367111,PINANG,3.7212074,96.8180177,15145
3671111002,367111,SUDIMARA PINANG,-6.2254878,106.6895581,15145
3671111003,367111,NEROGTOG,NULL,NULL,NULL
3671111004,367111,KUNCIRAN,-6.2249237,106.6674484,15144
3671111005,367111,KUNCIRAN INDAH,-6.2233125,106.677766,15144
3671111006,367111,KUNCIRAN JAYA,-6.209397,106.6733441,15144
3671111007,367111,CIPETE,-7.4192055,109.1315198,15142
3671111008,367111,PAKOJAN,-6.2099663,106.6556575,15142
3671111009,367111,PANUNGGANGAN,-6.2256842,106.6438673,15143
3671111010,367111,PANUNGGANGAN UTARA,-6.2168784,106.6394461,15143
3671111011,367111,PANUNGGANGAN TIMUR,-6.2201911,106.6556575,15143
3671121001,367112,KARANG TENGAH,3.350614,98.9493751,15157
3671121002,367112,KARANG MULYA,-3.7486419,104.1466046,15157
3671121003,367112,PONDOK BAHAR,-6.2046614,106.7013508,15159
3671121004,367112,PONDOK PUCUNG,-6.2096769,106.7042991,15158
3671121005,367112,KARANG TIMUR,-6.2246295,106.7160926,15157
3671121006,367112,PADURENAN,-6.38759,106.702825,15158
3671121007,367112,PARUNG JAYA,-6.1993612,106.7072474,15159
3671131001,367113,LARANGAN UTARA,-6.232011,106.7249382,15154
3671131002,367113,LARANGAN SELATAN,-6.2473496,106.7249382,15154
3671131003,367113,CIPADU,-6.2392967,106.7367328,15155
3671131004,367113,KREO,-7.2609869,109.9392655,NULL
3671131005,367113,LARANGAN INDAH,-6.2292637,106.7308354,15154
3671131006,367113,GAGA,-6.0830483,106.6320777,15154
3671131007,367113,CIPADU JAYA,-6.2469661,106.7367328,15155
3671131008,367113,KREO SELATAN,NULL,NULL,15156
3672011001,367201,CIBEBER,-7.685893,108.1843756,42423
3672011002,367201,KEDALEMAN,-8.3187562,114.2910566,42422
3672011003,367201,BULAKAN,-7.6748448,110.7867474,42426
3672011004,367201,CIKERAI,-6.0705659,106.0434449,42427
3672011005,367201,KARANG ASEM,-2.6008098,104.2686658,42425
3672011006,367201,KALITIMBANG,-6.0493057,106.0521577,42424
3672021001,367202,BAGENDUNG,-6.0594597,106.0302205,42419
3672021002,367202,CIWEDUS,-6.0361897,106.0390366,42418
3672021003,367202,BENDUNGAN,-6.6658733,106.8635643,42417
3672021004,367202,KETILENG,-6.9584488,111.1801726,42416
3672021005,367202,CIWADUK,-6.0257039,106.0478532,42415
3672031001,367203,TAMANSARI,-5.4689641,104.8337879,42438
3672031002,367203,LEBAKGEDE,NULL,NULL,42439
3672031003,367203,MEKARSARI,-2.4281255,102.8169757,42438
3672031004,367203,SURALAYA,-5.9023949,106.0316898,42439
3672041001,367204,BANJAR NEGARA,-3.7971332,103.5375457,42449
3672041002,367204,TEGAL RATU,NULL,NULL,42445
3672041003,367204,KUBANGSARI,-7.7357871,108.2318208,42445
3672041004,367204,GUNUNG SUGIH,-4.0387267,104.6733584,42447
3672041005,367204,KEPUH,-6.7408544,108.4127686,42448
3672041006,367204,RANDAKARI,-6.0317827,105.9729255,42446
3672051001,367205,SUKMAJAYA,-6.4824755,106.7794935,42411
3672051002,367205,JOMBANG WETAN,-6.0152205,106.0566701,42411
3672051003,367205,MASIGIT,-6.0088789,106.0552006,42414
3672051004,367205,PANGGUNG RAWI,-6.0070293,106.0743052,42412
3672051005,367205,GEDONG DALEM,-5.9983115,106.0669571,42413
3672061001,367206,KOTASARI,-6.2867542,107.8613487,42436
3672061002,367206,GROGOL,-6.1608563,106.7927658,42436
3672061003,367206,RAWA ARUM,-5.982103,106.0111203,42436
3672061004,367206,GEREM,-5.9613303,106.022874,42436
3672071001,367207,RAMANUJU,-6.0057074,106.0331592,42431
3672071002,367207,KOTABUMI,-3.5180568,104.7112631,42434
3672071003,367207,KEBON DALEM,NULL,NULL,42433
3672071004,367207,PURWAKARTA,-5.991266,106.0463837,42437
3672071005,367207,TEGAL BUNDER,-5.9782373,106.0552006,42437
3672071006,367207,PABEAN,-7.752963,113.2379564,42437
3672081001,367208,WARNASARI,-6.892609,106.9373361,42443
3672081002,367208,DRINGO,-6.9368439,111.2099808,42444
3672081003,367208,LEBAK DENOK,NULL,NULL,42442
3672081004,367208,TAMAN BARU,-5.7384779,105.6603149,42441
3672081005,367208,KEBONSARI,-7.7239408,109.5969772,42442
3672081006,367208,SAMANGRAYA,-6.0055271,105.9964291,42443
3672081007,367208,CITANGKIL,-6.0145159,106.0375673,42441
3673011001,367301,SERANG,-7.3675113,108.0509743,42116
3673011002,367301,CIPARE,-6.1283605,106.1610343,42117
3673011003,367301,SUMUR PECUNG,NULL,NULL,42118
3673011004,367301,KOTA BARU,3.3260387,97.1594982,42112
3673011005,367301,LOPANG,-7.1802022,112.3755018,42113
3673011006,367301,CIMUNCANG,-7.251216,107.9235563,42111
3673011007,367301,UNYUR,-6.0925575,106.1610343,42113
3673011008,367301,SUKAWANA,-6.6981433,108.193271,42119
3673011009,367301,LONTARBARU,-6.1147885,106.1448615,42115
3673011010,367301,KALIGANDU,-6.1061243,106.1772083,42111
3673011011,367301,TERONDOL,-6.1020635,106.1845606,42119
3673011012,367301,KAGUNGAN,-5.5060719,104.6733584,42114
3673021001,367302,KASEMEN,-6.0535952,106.1816196,42141
3673021002,367302,MESJID PRIYAYI,-6.0916573,106.1904426,42141
3673021003,367302,TERUMBU,-6.070672,106.2080897,42143
3673021004,367302,WARUNG JAUD,-6.079327,106.1757379,42142
3673021006,367302,BENDUNG,-7.8478261,110.7152265,42142
3673021007,367302,BANTEN,-6.0354324,106.1632389,42144
3673021008,367302,SAWAH LUHUR,-6.0373757,106.2110311,42143
3673021009,367302,KILASAH,-6.0662802,106.1845606,42143
3673021010,367302,KASUNYATAN,-6.051845,106.1551531,42144
3673021011,367302,MARGALUYU,-7.1955592,106.8974964,42144
3673031001,367303,WALANTAKA,-6.1494777,106.2227968,42135
3673031002,367303,CIGOONG,-6.1664291,106.2125017,42135
3673031003,367303,NYAPAH,-6.1930773,106.2198553,42136
3673031004,367303,PANGAMPELAN,NULL,NULL,42137
3673031006,367303,KIARA,-6.2738048,107.500223,42138
3673031007,367303,PAGER AGUNG,NULL,NULL,42138
3673031008,367303,KALODRAN,-6.1267295,106.2139724,42139
3673031009,367303,KAPUREN,NULL,NULL,NULL
3673031010,367303,TERITIH,-6.1060924,106.2198553,42139
3673031011,367303,PABUARAN,-6.545413,106.9653756,42137
3673031012,367303,PASULUHAN,-6.1685312,106.2272092,42137
3673031013,367303,TEGALSARI,-5.3490514,105.0586639,42136
3673031014,367303,PIPITAN,-6.14153,106.2316216,42138
3673031016,367303,LEBAKWANGI,-7.0443029,107.6067354,42136
3673041001,367304,CURUG,-6.3921286,106.7205154,42131
3673041002,367304,TINGGAR,-6.9870723,108.4379904,42133
3673041003,367304,KEMANISAN,-6.0181406,106.2978199,42133
3673041004,367304,CIPETE,-7.4192055,109.1315198,42134
3673041005,367304,CILAKU,-6.3387387,106.4729811,42131
3673041006,367304,PANCALAKSANA,-6.2051541,106.1610343,42133
3673041007,367304,SUKAWANA,-6.6981433,108.193271,42132
3673041008,367304,SUKALAKSANA,-7.1163281,107.1425442,42134
3673041009,367304,CURUG MANIS,NULL,NULL,42134
3673041010,367304,SUKAJAYA,5.5146777,95.848572,42132
3673051001,367305,CIPOCOK JAYA,-6.1516604,106.1522126,42121
3673051002,367305,KARUNDANG,-6.1500632,106.1625046,42125
3673051003,367305,PANANCANGAN,-6.3153471,106.2433886,42124
3673051004,367305,BANJAR AGUNG,-4.5824152,104.0246484,42122
3673051005,367305,BANJARSARI,-5.4733665,104.502904,42123
3673051006,367305,TEMBONG,-7.0020419,108.5121827,42126
3673051007,367305,DALUNG,-6.1440738,106.1492721,42127
3673051008,367305,GELAM,-7.4867001,112.7107433,42128
3673061001,367306,TAKTAKAN,-6.1276973,106.099291,42145
3673061002,367306,SAYAR,-6.1633501,106.1051705,42146
3673061003,367306,PANCUR,-0.6329151,102.7250036,42147
3673061004,367306,KURANJI,-0.9001549,100.4059456,42146
3673061005,367306,KALANGANYAR,-7.4339723,112.8224678,42145
3673061006,367306,CILOWONG,-6.1333555,106.0816536,42147
3673061007,367306,PANGGUNGJATI,-6.1140952,106.12575,42149
3673061008,367306,DRANGONG,-6.0983904,106.1375107,42148
3673061009,367306,UMBUL TENGAH,-6.0941735,106.1081103,42148
3673061010,367306,SEPANG,3.9829831,97.3543566,42147
3673061011,367306,LIALANG,-6.1028103,106.1183999,42148
3673061012,367306,TAMAN BARU,-5.7384779,105.6603149,42149
3674011001,367401,CIATER,-6.7471523,107.6392892,15317
3674011002,367401,RAWABUNTU,NULL,NULL,15318
3674011003,367401,RAWA MEKARJAYA,NULL,NULL,15318
3674011004,367401,LENGKONG GUDANG,-6.2914292,106.6674484,15311
3674011005,367401,LENGKONG WETAN,-6.2823282,106.6718702,15318
3674011006,367401,BUARAN,-6.7114894,110.7778071,15316
3674011007,367401,LENGKONG GUDANG TIMUR,-6.2959704,106.685136,15318
3674011008,367401,CILENGGANG,-6.3081153,106.6659746,15311
3674011009,367401,SERPONG,-6.3088649,106.682188,15311
3674021001,367402,PAKULONAN,-6.2457819,106.6493689,15334
3674021002,367402,PAKUALAM,NULL,NULL,15335
3674021003,367402,PAKUJAYA,NULL,NULL,15333
3674021004,367402,PONDOK JAGUNG,-6.2611077,106.6556575,15337
3674021005,367402,PONDOK JAGUNG TIMUR,-6.2503029,106.6733441,15336
3674021006,367402,JELUPANG,-6.2658414,106.6674484,15332
3674021007,367402,LENGKONG KARYA,-6.2764586,106.6556575,15331
3674031001,367403,PONDOK BETUNG,-6.2644802,106.748528,15421
3674031002,367403,PONDOK PUCUNG,-6.2096769,106.7042991,15429
3674031003,367403,PONDOK KARYA,-6.2621154,106.7426303,15425
3674031004,367403,PONDOK JAYA,-6.4365434,106.8104633,15424
3674031005,367403,PONDOK AREN,-6.2845749,106.6974924,15424
3674031006,367403,PONDOK KACANG BARAT,-6.251247,106.683662,15426
3674031007,367403,PONDOK KACANG TIMUR,-6.2559791,106.6954544,15426
3674031008,367403,PARIGI,1.7804805,99.6912245,15427
3674031009,367403,PARIGI BARU,NULL,NULL,15428
3674031010,367403,JURANGMANGU BARAT,NULL,NULL,NULL
3674031011,367403,JURANGMANGU TIMUR,NULL,NULL,NULL
3674041001,367404,SAWAH BARU,0.3169387,101.1900528,15413
3674041002,367404,SERUA,-6.3710416,106.7382072,NULL
3674041003,367404,CIPUTAT,-6.9786311,108.5834221,15411
3674041004,367404,SAWAH LAMA,-5.4075987,105.2630012,NULL
3674041005,367404,SERUA INDAH,NULL,NULL,15414
3674041006,367404,JOMBANG,-7.8175337,109.9571292,15414
3674041007,367404,CIPAYUNG,-6.3272512,106.9004472,15411
3674051001,367405,CEMPAKA PUTIH,-1.6042128,103.6145672,15441
3674051002,367405,PONDOK RANJI,-6.2840002,106.7382072,15442
3674051003,367405,PISANGAN,-6.319243,106.7559004,15446
3674051004,367405,CIREUNDEU,-6.9787005,106.3758145,15445
3674051005,367405,REMPOA,-6.2885371,106.7559004,15443
3674051006,367405,RENGAS,-5.1313364,105.1668326,15444
3674061001,367406,PAMULANG BARAT,-6.3456229,106.7323097,15435
3674061002,367406,BENDA BARU,-6.3371081,106.7180825,15433
3674061003,367406,PONDOK BENDA,-6.3511345,106.7205154,15434
3674061004,367406,PONDOK CABE UDIK,-6.3497694,106.7617984,15437
3674061005,367406,PONDOK CABE ILIR,-6.3342123,106.7676967,15438
3674061006,367406,KEDAUNG,-5.6528992,105.7644596,15431
3674061007,367406,BAMBUAPUS,NULL,NULL,15432
3674061008,367406,PAMULANG TIMUR,-6.3503549,106.7441048,15436
3674071001,367407,MUNCUL,-6.3530786,106.6615529,15346
3674071002,367407,SETU,-6.3127421,106.9137265,15343
3674071003,367407,KERANGGAN,-1.5093239,103.5234481,15341
3674071004,367407,KADEMANGAN,-7.3421566,106.5943766,15342
3674071005,367407,BABAKAN,-5.4091143,104.8892473,15345
3674071006,367407,BAKTI JAYA,1.7176394,100.4480856,15344
3673061013,367306,CIBENDUNG,NULL,NULL,NULL
